{
"type": "FeatureCollection",
"name": "boston_tracts",
"crs": { "type": "name", "properties": { "name": "urn:ogc:def:crs:OGC:1.3:CRS84" } },
"features": [
{ "type": "Feature", "properties": { "GEOID": "25025010405", "NAME": "Census Tract 104.05; Suffolk County; Massachusetts", "ksi_rate": 0.78, "sfca": 0.1708, "medinc": 24750.0, "pct_poc": 0.6, "pct_poverty": 0.4, "priority": "Baseline" }, "geometry": { "type": "MultiPolygon", "coordinates": [ [ [ [ -71.092192, 42.339139 ], [ -71.092543, 42.339513 ], [ -71.093217, 42.340889 ], [ -71.092205, 42.341335 ], [ -71.090844, 42.344077 ], [ -71.090902, 42.346544 ], [ -71.089264, 42.346887 ], [ -71.089548, 42.34541 ], [ -71.089965, 42.34392 ], [ -71.090204, 42.343189 ], [ -71.090331, 42.342605 ], [ -71.091188, 42.340949 ], [ -71.09181, 42.339871 ], [ -71.091026, 42.339608 ], [ -71.09066, 42.339766 ], [ -71.086614, 42.341474 ], [ -71.084958, 42.34277 ], [ -71.0849, 42.342733 ], [ -71.084096, 42.342192 ], [ -71.083151, 42.341622 ], [ -71.084681, 42.340293 ], [ -71.090518, 42.335665 ], [ -71.090654, 42.335744 ], [ -71.095745, 42.337727 ], [ -71.092192, 42.339139 ] ] ] ] } },
{ "type": "Feature", "properties": { "GEOID": "25025110403", "NAME": "Census Tract 1104.03; Suffolk County; Massachusetts", "ksi_rate": 0.34, "sfca": 0.1256, "medinc": 132719.0, "pct_poc": 0.5, "pct_poverty": 0.0, "priority": "Baseline" }, "geometry": { "type": "MultiPolygon", "coordinates": [ [ [ [ -71.134785, 42.276898 ], [ -71.132758, 42.2786 ], [ -71.129751, 42.281455 ], [ -71.129082, 42.280968 ], [ -71.127942, 42.282665 ], [ -71.125127, 42.28449 ], [ -71.124041, 42.282998 ], [ -71.122433, 42.281826 ], [ -71.120675, 42.280696 ], [ -71.119712, 42.280288 ], [ -71.119993, 42.278819 ], [ -71.120303, 42.27842 ], [ -71.121435, 42.274639 ], [ -71.121456, 42.273776 ], [ -71.124914, 42.272699 ], [ -71.125794, 42.273468 ], [ -71.128245, 42.274245 ], [ -71.12867, 42.273895 ], [ -71.131121, 42.273047 ], [ -71.132703, 42.274037 ], [ -71.131642, 42.274908 ], [ -71.134626, 42.276784 ], [ -71.134785, 42.276898 ] ] ] ] } },
{ "type": "Feature", "properties": { "GEOID": "25025120600", "NAME": "Census Tract 1206; Suffolk County; Massachusetts", "ksi_rate": 0.0, "sfca": 0.0922, "medinc": 147226.0, "pct_poc": 0.3, "pct_poverty": 0.0, "priority": "Baseline" }, "geometry": { "type": "MultiPolygon", "coordinates": [ [ [ [ -71.111669, 42.31954 ], [ -71.110693, 42.320753 ], [ -71.109938, 42.322025 ], [ -71.108452, 42.322389 ], [ -71.106788, 42.321156 ], [ -71.105131, 42.319278 ], [ -71.105795, 42.318404 ], [ -71.106673, 42.317268 ], [ -71.107236, 42.316377 ], [ -71.110121, 42.316584 ], [ -71.112764, 42.317917 ], [ -71.111669, 42.31954 ] ] ] ] } },
{ "type": "Feature", "properties": { "GEOID": "25025060400", "NAME": "Census Tract 604; Suffolk County; Massachusetts", "ksi_rate": 0.0, "sfca": 0.0867, "medinc": 186174.0, "pct_poc": 0.0, "pct_poverty": 0.0, "priority": "Baseline" }, "geometry": { "type": "MultiPolygon", "coordinates": [ [ [ [ -71.047508, 42.334599 ], [ -71.045695, 42.335452 ], [ -71.045444, 42.335452 ], [ -71.044269, 42.33547 ], [ -71.04155, 42.335518 ], [ -71.041511, 42.333827 ], [ -71.041479, 42.333016 ], [ -71.037336, 42.33308 ], [ -71.037314, 42.332265 ], [ -71.037291, 42.331432 ], [ -71.037248, 42.329525 ], [ -71.039542, 42.330052 ], [ -71.041528, 42.330234 ], [ -71.044053, 42.330192 ], [ -71.047384, 42.330419 ], [ -71.047415, 42.331245 ], [ -71.047456, 42.332966 ], [ -71.047508, 42.334599 ] ] ] ] } },
{ "type": "Feature", "properties": { "GEOID": "25025061000", "NAME": "Census Tract 610; Suffolk County; Massachusetts", "ksi_rate": 1.42, "sfca": 0.1031, "medinc": 84176.0, "pct_poc": 0.4, "pct_poverty": 0.2, "priority": "Baseline" }, "geometry": { "type": "MultiPolygon", "coordinates": [ [ [ [ -71.053151, 42.33152 ], [ -71.052302, 42.332046 ], [ -71.051057, 42.332794 ], [ -71.049688, 42.333549 ], [ -71.047508, 42.334599 ], [ -71.047456, 42.332966 ], [ -71.047415, 42.331245 ], [ -71.047384, 42.330419 ], [ -71.050419, 42.330213 ], [ -71.052234, 42.329058 ], [ -71.052659, 42.329356 ], [ -71.052766, 42.330487 ], [ -71.053151, 42.33152 ] ] ] ] } },
{ "type": "Feature", "properties": { "GEOID": "25025080500", "NAME": "Census Tract 805; Suffolk County; Massachusetts", "ksi_rate": 1.43, "sfca": 0.1965, "medinc": 44031.0, "pct_poc": 0.9, "pct_poverty": 0.3, "priority": "Baseline" }, "geometry": { "type": "MultiPolygon", "coordinates": [ [ [ [ -71.088494, 42.334896 ], [ -71.083983, 42.33734 ], [ -71.081969, 42.338416 ], [ -71.079266, 42.336538 ], [ -71.077621, 42.336001 ], [ -71.080297, 42.333796 ], [ -71.080625, 42.333367 ], [ -71.080943, 42.332931 ], [ -71.085345, 42.335071 ], [ -71.087462, 42.334126 ], [ -71.088494, 42.334896 ] ] ] ] } },
{ "type": "Feature", "properties": { "GEOID": "25025080900", "NAME": "Census Tract 809; Suffolk County; Massachusetts", "ksi_rate": 0.0, "sfca": 0.1842, "medinc": 66042.0, "pct_poc": 0.4, "pct_poverty": 0.4, "priority": "Baseline" }, "geometry": { "type": "MultiPolygon", "coordinates": [ [ [ [ -71.105605, 42.332406 ], [ -71.10491, 42.33419 ], [ -71.102427, 42.335149 ], [ -71.100306, 42.335941 ], [ -71.09979, 42.335401 ], [ -71.101321, 42.33296 ], [ -71.099319, 42.332276 ], [ -71.097185, 42.331782 ], [ -71.097603, 42.330772 ], [ -71.098495, 42.330067 ], [ -71.098941, 42.329133 ], [ -71.100861, 42.330002 ], [ -71.102293, 42.330354 ], [ -71.103081, 42.330528 ], [ -71.105169, 42.331012 ], [ -71.105605, 42.332406 ] ] ] ] } },
{ "type": "Feature", "properties": { "GEOID": "25025091900", "NAME": "Census Tract 919; Suffolk County; Massachusetts", "ksi_rate": 0.0, "sfca": 0.127, "medinc": 74160.0, "pct_poc": 0.9, "pct_poverty": 0.2, "priority": "Baseline" }, "geometry": { "type": "MultiPolygon", "coordinates": [ [ [ [ -71.079217, 42.301191 ], [ -71.078425, 42.303227 ], [ -71.077264, 42.304745 ], [ -71.076782, 42.305189 ], [ -71.076185, 42.305046 ], [ -71.074161, 42.30491 ], [ -71.073117, 42.304672 ], [ -71.071426, 42.303407 ], [ -71.071569, 42.30243 ], [ -71.072011, 42.301464 ], [ -71.072299, 42.299937 ], [ -71.072927, 42.299579 ], [ -71.073641, 42.299371 ], [ -71.073072, 42.298586 ], [ -71.072269, 42.296675 ], [ -71.074289, 42.296556 ], [ -71.076289, 42.297313 ], [ -71.078852, 42.296708 ], [ -71.079217, 42.301191 ] ] ] ] } },
{ "type": "Feature", "properties": { "GEOID": "25025000401", "NAME": "Census Tract 4.01; Suffolk County; Massachusetts", "ksi_rate": 0.0, "sfca": 0.0793, "medinc": 75366.0, "pct_poc": 0.4, "pct_poverty": 0.2, "priority": "Baseline" }, "geometry": { "type": "MultiPolygon", "coordinates": [ [ [ [ -71.154734, 42.341206 ], [ -71.153462, 42.343183 ], [ -71.153274, 42.34465 ], [ -71.153072, 42.345106 ], [ -71.153067, 42.346154 ], [ -71.151235, 42.345813 ], [ -71.149755, 42.348185 ], [ -71.149047, 42.347457 ], [ -71.146238, 42.346106 ], [ -71.145049, 42.344963 ], [ -71.144543, 42.344623 ], [ -71.143109, 42.343878 ], [ -71.144358, 42.342526 ], [ -71.145923, 42.341897 ], [ -71.147007, 42.341782 ], [ -71.148633, 42.341814 ], [ -71.149972, 42.341466 ], [ -71.151382, 42.340423 ], [ -71.153778, 42.340855 ], [ -71.154734, 42.341206 ] ] ] ] } },
{ "type": "Feature", "properties": { "GEOID": "25025080801", "NAME": "Census Tract 808.01; Suffolk County; Massachusetts", "ksi_rate": 0.75, "sfca": 0.195, "medinc": 38188.0, "pct_poc": 0.8, "pct_poverty": 0.4, "priority": "Baseline" }, "geometry": { "type": "MultiPolygon", "coordinates": [ [ [ [ -71.09979, 42.335401 ], [ -71.100306, 42.335941 ], [ -71.095745, 42.337727 ], [ -71.090654, 42.335744 ], [ -71.090518, 42.335665 ], [ -71.094446, 42.332386 ], [ -71.095351, 42.331554 ], [ -71.097185, 42.331782 ], [ -71.099319, 42.332276 ], [ -71.101321, 42.33296 ], [ -71.09979, 42.335401 ] ] ] ] } },
{ "type": "Feature", "properties": { "GEOID": "25025061201", "NAME": "Census Tract 612.01; Suffolk County; Massachusetts", "ksi_rate": 3.82, "sfca": 0.1187, "medinc": 124342.0, "pct_poc": 0.1, "pct_poverty": 0.2, "priority": "High KSI Only" }, "geometry": { "type": "MultiPolygon", "coordinates": [ [ [ [ -71.062798, 42.331973 ], [ -71.061009, 42.334782 ], [ -71.060042, 42.336564 ], [ -71.059702, 42.336859 ], [ -71.057225, 42.338802 ], [ -71.057112, 42.338333 ], [ -71.056733, 42.337375 ], [ -71.053151, 42.33152 ], [ -71.052766, 42.330487 ], [ -71.052659, 42.329356 ], [ -71.052624, 42.328597 ], [ -71.056928, 42.328552 ], [ -71.056915, 42.328035 ], [ -71.057845, 42.328139 ], [ -71.057749, 42.328376 ], [ -71.058241, 42.329734 ], [ -71.059288, 42.329973 ], [ -71.063553, 42.330791 ], [ -71.062798, 42.331973 ] ] ] ] } },
{ "type": "Feature", "properties": { "GEOID": "25025000807", "NAME": "Census Tract 8.07; Suffolk County; Massachusetts", "ksi_rate": 1.62, "sfca": 0.0722, "medinc": null, "pct_poc": 0.4, "pct_poverty": 0.6, "priority": "Baseline" }, "geometry": { "type": "MultiPolygon", "coordinates": [ [ [ [ -71.12126, 42.351872 ], [ -71.120729, 42.354615 ], [ -71.120022, 42.354717 ], [ -71.118126, 42.355092 ], [ -71.114119, 42.35239 ], [ -71.110732, 42.351819 ], [ -71.110936, 42.350446 ], [ -71.115808, 42.351017 ], [ -71.120286, 42.351557 ], [ -71.121311, 42.351675 ], [ -71.12126, 42.351872 ] ] ] ] } },
{ "type": "Feature", "properties": { "GEOID": "25025110106", "NAME": "Census Tract 1101.06; Suffolk County; Massachusetts", "ksi_rate": 0.0, "sfca": 0.2149, "medinc": 108974.0, "pct_poc": 0.3, "pct_poverty": 0.1, "priority": "Baseline" }, "geometry": { "type": "MultiPolygon", "coordinates": [ [ [ [ -71.119259, 42.290486 ], [ -71.119171, 42.291205 ], [ -71.11882, 42.292527 ], [ -71.118415, 42.293409 ], [ -71.116735, 42.296236 ], [ -71.116026, 42.295933 ], [ -71.115368, 42.294572 ], [ -71.114, 42.29374 ], [ -71.1134, 42.293118 ], [ -71.1139, 42.292482 ], [ -71.114432, 42.291572 ], [ -71.114402, 42.290649 ], [ -71.116587, 42.289111 ], [ -71.11726, 42.289864 ], [ -71.119282, 42.290235 ], [ -71.119259, 42.290486 ] ] ] ] } },
{ "type": "Feature", "properties": { "GEOID": "25025060602", "NAME": "Census Tract 606.02; Suffolk County; Massachusetts", "ksi_rate": null, "sfca": 0.2132, "medinc": 117278.0, "pct_poc": 0.2, "pct_poverty": 0.1, "priority": "Baseline" }, "geometry": { "type": "MultiPolygon", "coordinates": [ [ [ [ -71.051345, 42.343798 ], [ -71.046084, 42.348255 ], [ -71.042081, 42.346167 ], [ -71.039493, 42.344487 ], [ -71.041406, 42.344526 ], [ -71.047072, 42.339701 ], [ -71.050159, 42.341693 ], [ -71.051345, 42.343798 ] ] ] ] } },
{ "type": "Feature", "properties": { "GEOID": "25025060601", "NAME": "Census Tract 606.01; Suffolk County; Massachusetts", "ksi_rate": 0.0, "sfca": 0.149, "medinc": 182965.0, "pct_poc": 0.4, "pct_poverty": 0.0, "priority": "Baseline" }, "geometry": { "type": "MultiPolygon", "coordinates": [ [ [ [ -71.052377, 42.339803 ], [ -71.050159, 42.341693 ], [ -71.047072, 42.339701 ], [ -71.045559, 42.338718 ], [ -71.04776, 42.336812 ], [ -71.05084, 42.338795 ], [ -71.052377, 42.339803 ] ] ] ] } },
{ "type": "Feature", "properties": { "GEOID": "25025010204", "NAME": "Census Tract 102.04; Suffolk County; Massachusetts", "ksi_rate": 0.54, "sfca": 0.1166, "medinc": 41480.0, "pct_poc": 0.4, "pct_poverty": 0.3, "priority": "Baseline" }, "geometry": { "type": "MultiPolygon", "coordinates": [ [ [ [ -71.106894, 42.348588 ], [ -71.106854, 42.348759 ], [ -71.101143, 42.347758 ], [ -71.099802, 42.347651 ], [ -71.098115, 42.347637 ], [ -71.098955, 42.346815 ], [ -71.100982, 42.344881 ], [ -71.102519, 42.343375 ], [ -71.104307, 42.344082 ], [ -71.104344, 42.344169 ], [ -71.105516, 42.343812 ], [ -71.10674, 42.34604 ], [ -71.107213, 42.347049 ], [ -71.106894, 42.348588 ] ] ] ] } },
{ "type": "Feature", "properties": { "GEOID": "25025010600", "NAME": "Census Tract 106; Suffolk County; Massachusetts", "ksi_rate": 3.11, "sfca": 0.0855, "medinc": 117422.0, "pct_poc": 0.3, "pct_poverty": 0.1, "priority": "High KSI + Low Access (not low income)" }, "geometry": { "type": "MultiPolygon", "coordinates": [ [ [ [ -71.085602, 42.347884 ], [ -71.083749, 42.34838 ], [ -71.079508, 42.349508 ], [ -71.077368, 42.350075 ], [ -71.076683, 42.349395 ], [ -71.072659, 42.35041 ], [ -71.072, 42.349022 ], [ -71.075163, 42.348159 ], [ -71.076201, 42.347911 ], [ -71.076028, 42.347309 ], [ -71.078086, 42.345821 ], [ -71.080082, 42.344219 ], [ -71.080911, 42.344787 ], [ -71.08171, 42.345339 ], [ -71.081821, 42.345413 ], [ -71.084742, 42.346195 ], [ -71.085602, 42.347884 ] ] ] ] } },
{ "type": "Feature", "properties": { "GEOID": "25025040200", "NAME": "Census Tract 402; Suffolk County; Massachusetts", "ksi_rate": 1.05, "sfca": 0.0309, "medinc": 138000.0, "pct_poc": 0.5, "pct_poverty": 0.2, "priority": "Baseline" }, "geometry": { "type": "MultiPolygon", "coordinates": [ [ [ [ -71.060492, 42.376923 ], [ -71.05989, 42.378061 ], [ -71.057116, 42.377089 ], [ -71.056459, 42.376924 ], [ -71.056286, 42.37741 ], [ -71.055912, 42.379115 ], [ -71.054154, 42.379039 ], [ -71.052941, 42.378428 ], [ -71.055231, 42.376225 ], [ -71.055835, 42.375634 ], [ -71.0578, 42.374197 ], [ -71.059326, 42.37583 ], [ -71.060008, 42.376072 ], [ -71.060492, 42.376923 ] ] ] ] } },
{ "type": "Feature", "properties": { "GEOID": "25025101002", "NAME": "Census Tract 1010.02; Suffolk County; Massachusetts", "ksi_rate": 0.26, "sfca": 0.1157, "medinc": 48667.0, "pct_poc": 1.0, "pct_poverty": 0.3, "priority": "Baseline" }, "geometry": { "type": "MultiPolygon", "coordinates": [ [ [ [ -71.093881, 42.267634 ], [ -71.093695, 42.272877 ], [ -71.086926, 42.279344 ], [ -71.086091, 42.280216 ], [ -71.085504, 42.280991 ], [ -71.082735, 42.280409 ], [ -71.082634, 42.280368 ], [ -71.081102, 42.279394 ], [ -71.080438, 42.27896 ], [ -71.077251, 42.277217 ], [ -71.078447, 42.27574 ], [ -71.077615, 42.273782 ], [ -71.079003, 42.273409 ], [ -71.078879, 42.271632 ], [ -71.082924, 42.271334 ], [ -71.089331, 42.270172 ], [ -71.090073, 42.269948 ], [ -71.089403, 42.26969 ], [ -71.090258, 42.266639 ], [ -71.093736, 42.267136 ], [ -71.093908, 42.26714 ], [ -71.093881, 42.267634 ] ] ] ] } },
{ "type": "Feature", "properties": { "GEOID": "25025120700", "NAME": "Census Tract 1207; Suffolk County; Massachusetts", "ksi_rate": 0.87, "sfca": 0.0925, "medinc": 124500.0, "pct_poc": 0.4, "pct_poverty": 0.1, "priority": "Baseline" }, "geometry": { "type": "MultiPolygon", "coordinates": [ [ [ [ -71.116737, 42.322627 ], [ -71.115078, 42.323573 ], [ -71.114098, 42.323307 ], [ -71.112202, 42.323125 ], [ -71.112259, 42.324552 ], [ -71.110832, 42.329073 ], [ -71.108333, 42.327318 ], [ -71.107181, 42.326898 ], [ -71.105231, 42.326114 ], [ -71.107337, 42.325522 ], [ -71.109554, 42.323371 ], [ -71.108452, 42.322389 ], [ -71.109938, 42.322025 ], [ -71.11209, 42.321602 ], [ -71.116321, 42.321012 ], [ -71.11657, 42.321021 ], [ -71.116737, 42.322627 ] ] ] ] } },
{ "type": "Feature", "properties": { "GEOID": "25025140400", "NAME": "Census Tract 1404; Suffolk County; Massachusetts", "ksi_rate": 0.96, "sfca": 0.0694, "medinc": 94794.0, "pct_poc": 0.9, "pct_poverty": 0.1, "priority": "Baseline" }, "geometry": { "type": "MultiPolygon", "coordinates": [ [ [ [ -71.124914, 42.272699 ], [ -71.121456, 42.273776 ], [ -71.121435, 42.274639 ], [ -71.120303, 42.27842 ], [ -71.119993, 42.278819 ], [ -71.119534, 42.276868 ], [ -71.117207, 42.275871 ], [ -71.115734, 42.277295 ], [ -71.116377, 42.278859 ], [ -71.115342, 42.278039 ], [ -71.114188, 42.2771 ], [ -71.110374, 42.275065 ], [ -71.109191, 42.274363 ], [ -71.108415, 42.273505 ], [ -71.106563, 42.271768 ], [ -71.103358, 42.271002 ], [ -71.104367, 42.269534 ], [ -71.101243, 42.266829 ], [ -71.099623, 42.265501 ], [ -71.099676, 42.264841 ], [ -71.097899, 42.262882 ], [ -71.103672, 42.259723 ], [ -71.104062, 42.259862 ], [ -71.105001, 42.260804 ], [ -71.108405, 42.261116 ], [ -71.106903, 42.261928 ], [ -71.107743, 42.262975 ], [ -71.10842, 42.262591 ], [ -71.110828, 42.266065 ], [ -71.111622, 42.267359 ], [ -71.110995, 42.269039 ], [ -71.116427, 42.267112 ], [ -71.11827, 42.266595 ], [ -71.120607, 42.270284 ], [ -71.121776, 42.270676 ], [ -71.123587, 42.271416 ], [ -71.124914, 42.272699 ] ] ] ] } },
{ "type": "Feature", "properties": { "GEOID": "25025050500", "NAME": "Census Tract 505; Suffolk County; Massachusetts", "ksi_rate": 0.0, "sfca": 0.0868, "medinc": 109758.0, "pct_poc": 0.6, "pct_poverty": 0.1, "priority": "Baseline" }, "geometry": { "type": "MultiPolygon", "coordinates": [ [ [ [ -71.036989, 42.369287 ], [ -71.033923, 42.371932 ], [ -71.034742, 42.372461 ], [ -71.034449, 42.372711 ], [ -71.033536, 42.372623 ], [ -71.032102, 42.373495 ], [ -71.030275, 42.373935 ], [ -71.028088, 42.36912 ], [ -71.030359, 42.370173 ], [ -71.031204, 42.370181 ], [ -71.0326, 42.368673 ], [ -71.033387, 42.367734 ], [ -71.034754, 42.36831 ], [ -71.036989, 42.369287 ] ] ] ] } },
{ "type": "Feature", "properties": { "GEOID": "25025050700", "NAME": "Census Tract 507; Suffolk County; Massachusetts", "ksi_rate": 0.38, "sfca": 0.0749, "medinc": 87063.0, "pct_poc": 0.8, "pct_poverty": 0.2, "priority": "Baseline" }, "geometry": { "type": "MultiPolygon", "coordinates": [ [ [ [ -71.03878, 42.374927 ], [ -71.035834, 42.376031 ], [ -71.036256, 42.376652 ], [ -71.034096, 42.37745 ], [ -71.033678, 42.376827 ], [ -71.031044, 42.37732 ], [ -71.03054, 42.377006 ], [ -71.029191, 42.378128 ], [ -71.027727, 42.377211 ], [ -71.032102, 42.373495 ], [ -71.033536, 42.372623 ], [ -71.034449, 42.372711 ], [ -71.037901, 42.374452 ], [ -71.03878, 42.374927 ] ] ] ] } },
{ "type": "Feature", "properties": { "GEOID": "25025081200", "NAME": "Census Tract 812; Suffolk County; Massachusetts", "ksi_rate": 0.0, "sfca": 0.1354, "medinc": 34792.0, "pct_poc": 0.9, "pct_poverty": 0.3, "priority": "Baseline" }, "geometry": { "type": "MultiPolygon", "coordinates": [ [ [ [ -71.109554, 42.323371 ], [ -71.107337, 42.325522 ], [ -71.105231, 42.326114 ], [ -71.104618, 42.326092 ], [ -71.101346, 42.326419 ], [ -71.100113, 42.326418 ], [ -71.099278, 42.326361 ], [ -71.098917, 42.325025 ], [ -71.099319, 42.323994 ], [ -71.100023, 42.322772 ], [ -71.101744, 42.322892 ], [ -71.102465, 42.322919 ], [ -71.104016, 42.322819 ], [ -71.104867, 42.322721 ], [ -71.108452, 42.322389 ], [ -71.109554, 42.323371 ] ] ] ] } },
{ "type": "Feature", "properties": { "GEOID": "25025090200", "NAME": "Census Tract 902; Suffolk County; Massachusetts", "ksi_rate": 0.0, "sfca": 0.1266, "medinc": 44676.0, "pct_poc": 1.0, "pct_poverty": 0.3, "priority": "Baseline" }, "geometry": { "type": "MultiPolygon", "coordinates": [ [ [ [ -71.083078, 42.308772 ], [ -71.082804, 42.309331 ], [ -71.082668, 42.309535 ], [ -71.082012, 42.310256 ], [ -71.079585, 42.30988 ], [ -71.076076, 42.307568 ], [ -71.075233, 42.308273 ], [ -71.073912, 42.307681 ], [ -71.076782, 42.305189 ], [ -71.077264, 42.304745 ], [ -71.078425, 42.303227 ], [ -71.078534, 42.303388 ], [ -71.07894, 42.303937 ], [ -71.079561, 42.304622 ], [ -71.080563, 42.30544 ], [ -71.081634, 42.306343 ], [ -71.083254, 42.308469 ], [ -71.083078, 42.308772 ] ] ] ] } },
{ "type": "Feature", "properties": { "GEOID": "25025090600", "NAME": "Census Tract 906; Suffolk County; Massachusetts", "ksi_rate": 3.0, "sfca": 0.1513, "medinc": 60787.0, "pct_poc": 0.8, "pct_poverty": 0.3, "priority": "High KSI Only" }, "geometry": { "type": "MultiPolygon", "coordinates": [ [ [ [ -71.077146, 42.322196 ], [ -71.076664, 42.322889 ], [ -71.075811, 42.324146 ], [ -71.074641, 42.323238 ], [ -71.073922, 42.323759 ], [ -71.071638, 42.324647 ], [ -71.07266, 42.326023 ], [ -71.071479, 42.326687 ], [ -71.067507, 42.323297 ], [ -71.068061, 42.321281 ], [ -71.069842, 42.321567 ], [ -71.072204, 42.321359 ], [ -71.073948, 42.320773 ], [ -71.075522, 42.320573 ], [ -71.077746, 42.320431 ], [ -71.077146, 42.322196 ] ] ] ] } },
{ "type": "Feature", "properties": { "GEOID": "25025092300", "NAME": "Census Tract 923; Suffolk County; Massachusetts", "ksi_rate": 1.29, "sfca": 0.0906, "medinc": 73047.0, "pct_poc": 0.9, "pct_poverty": 0.2, "priority": "Low Access + Low Income" }, "geometry": { "type": "MultiPolygon", "coordinates": [ [ [ [ -71.078852, 42.296708 ], [ -71.076289, 42.297313 ], [ -71.074289, 42.296556 ], [ -71.072269, 42.296675 ], [ -71.072117, 42.295513 ], [ -71.071913, 42.293933 ], [ -71.071769, 42.292298 ], [ -71.071602, 42.290218 ], [ -71.071996, 42.290217 ], [ -71.074145, 42.29084 ], [ -71.076105, 42.291424 ], [ -71.078147, 42.292022 ], [ -71.078481, 42.294346 ], [ -71.078852, 42.296708 ] ] ] ] } },
{ "type": "Feature", "properties": { "GEOID": "25025100200", "NAME": "Census Tract 1002; Suffolk County; Massachusetts", "ksi_rate": 1.95, "sfca": 0.0829, "medinc": 74679.0, "pct_poc": 1.0, "pct_poverty": 0.2, "priority": "High KSI + Low Access (not low income)" }, "geometry": { "type": "MultiPolygon", "coordinates": [ [ [ [ -71.091106, 42.285564 ], [ -71.085991, 42.28673 ], [ -71.085775, 42.286774 ], [ -71.081252, 42.287794 ], [ -71.079187, 42.288137 ], [ -71.079862, 42.28726 ], [ -71.082052, 42.285272 ], [ -71.082796, 42.284533 ], [ -71.083818, 42.283238 ], [ -71.085504, 42.280991 ], [ -71.087048, 42.281565 ], [ -71.089108, 42.283134 ], [ -71.089298, 42.283573 ], [ -71.089785, 42.283936 ], [ -71.091569, 42.284214 ], [ -71.091106, 42.285564 ] ] ] ] } },
{ "type": "Feature", "properties": { "GEOID": "25025000701", "NAME": "Census Tract 7.01; Suffolk County; Massachusetts", "ksi_rate": 0.41, "sfca": 0.0909, "medinc": 93326.0, "pct_poc": 0.3, "pct_poverty": 0.2, "priority": "Baseline" }, "geometry": { "type": "MultiPolygon", "coordinates": [ [ [ [ -71.141522, 42.346291 ], [ -71.140366, 42.348686 ], [ -71.139731, 42.348977 ], [ -71.13758, 42.348649 ], [ -71.136379, 42.350393 ], [ -71.135724, 42.34904 ], [ -71.135042, 42.348165 ], [ -71.135757, 42.347968 ], [ -71.134674, 42.34685 ], [ -71.134254, 42.346577 ], [ -71.135155, 42.346023 ], [ -71.135985, 42.345366 ], [ -71.137824, 42.343876 ], [ -71.138246, 42.344126 ], [ -71.139804, 42.345093 ], [ -71.141698, 42.34602 ], [ -71.141522, 42.346291 ] ] ] ] } },
{ "type": "Feature", "properties": { "GEOID": "25025000301", "NAME": "Census Tract 3.01; Suffolk County; Massachusetts", "ksi_rate": 0.61, "sfca": 0.0564, "medinc": 131206.0, "pct_poc": 0.3, "pct_poverty": 0.1, "priority": "Baseline" }, "geometry": { "type": "MultiPolygon", "coordinates": [ [ [ [ -71.173935, 42.353397 ], [ -71.171387, 42.356089 ], [ -71.169474, 42.358047 ], [ -71.162894, 42.357953 ], [ -71.161769, 42.35818 ], [ -71.162557, 42.355534 ], [ -71.162785, 42.354822 ], [ -71.164303, 42.355279 ], [ -71.165196, 42.353316 ], [ -71.167643, 42.353787 ], [ -71.167806, 42.352837 ], [ -71.167584, 42.351212 ], [ -71.167605, 42.350604 ], [ -71.168111, 42.350663 ], [ -71.169702, 42.349411 ], [ -71.174798, 42.350265 ], [ -71.173935, 42.353397 ] ] ] ] } },
{ "type": "Feature", "properties": { "GEOID": "25025070402", "NAME": "Census Tract 704.02; Suffolk County; Massachusetts", "ksi_rate": 1.5, "sfca": 0.1502, "medinc": 75091.0, "pct_poc": 0.6, "pct_poverty": 0.3, "priority": "Baseline" }, "geometry": { "type": "MultiPolygon", "coordinates": [ [ [ [ -71.068503, 42.347602 ], [ -71.068193, 42.347866 ], [ -71.066158, 42.347589 ], [ -71.064434, 42.347186 ], [ -71.063039, 42.34685 ], [ -71.060705, 42.346253 ], [ -71.060911, 42.345709 ], [ -71.061716, 42.343964 ], [ -71.062215, 42.342915 ], [ -71.062529, 42.343009 ], [ -71.064406, 42.343501 ], [ -71.06593, 42.343936 ], [ -71.067073, 42.344308 ], [ -71.069855, 42.345266 ], [ -71.068503, 42.347602 ] ] ] ] } },
{ "type": "Feature", "properties": { "GEOID": "25025010404", "NAME": "Census Tract 104.04; Suffolk County; Massachusetts", "ksi_rate": 0.38, "sfca": 0.1133, "medinc": 29779.0, "pct_poc": 0.4, "pct_poverty": 0.4, "priority": "Baseline" }, "geometry": { "type": "MultiPolygon", "coordinates": [ [ [ [ -71.091188, 42.340949 ], [ -71.090331, 42.342605 ], [ -71.090204, 42.343189 ], [ -71.089965, 42.34392 ], [ -71.086805, 42.343436 ], [ -71.085796, 42.343332 ], [ -71.084958, 42.34277 ], [ -71.086614, 42.341474 ], [ -71.09066, 42.339766 ], [ -71.091026, 42.339608 ], [ -71.09181, 42.339871 ], [ -71.091188, 42.340949 ] ] ] ] } },
{ "type": "Feature", "properties": { "GEOID": "25025010103", "NAME": "Census Tract 101.03; Suffolk County; Massachusetts", "ksi_rate": 0.47, "sfca": 0.0868, "medinc": 45000.0, "pct_poc": 0.5, "pct_poverty": 0.3, "priority": "Low Access + Low Income" }, "geometry": { "type": "MultiPolygon", "coordinates": [ [ [ [ -71.110732, 42.351819 ], [ -71.103268, 42.351075 ], [ -71.100244, 42.35087 ], [ -71.098182, 42.350735 ], [ -71.097626, 42.349983 ], [ -71.097168, 42.348982 ], [ -71.100564, 42.347918 ], [ -71.101143, 42.347758 ], [ -71.106854, 42.348759 ], [ -71.106702, 42.349433 ], [ -71.10657, 42.349912 ], [ -71.110936, 42.350446 ], [ -71.110732, 42.351819 ] ] ] ] } },
{ "type": "Feature", "properties": { "GEOID": "25025060501", "NAME": "Census Tract 605.01; Suffolk County; Massachusetts", "ksi_rate": 1.12, "sfca": 0.1562, "medinc": 162426.0, "pct_poc": 0.2, "pct_poverty": 0.0, "priority": "Baseline" }, "geometry": { "type": "MultiPolygon", "coordinates": [ [ [ [ -71.04776, 42.336812 ], [ -71.045559, 42.338718 ], [ -71.043982, 42.337988 ], [ -71.042475, 42.33801 ], [ -71.037522, 42.338095 ], [ -71.035486, 42.338141 ], [ -71.029317, 42.338238 ], [ -71.029234, 42.335729 ], [ -71.033346, 42.335661 ], [ -71.037431, 42.335588 ], [ -71.04155, 42.335518 ], [ -71.044269, 42.33547 ], [ -71.045444, 42.335452 ], [ -71.045695, 42.335452 ], [ -71.04776, 42.336812 ] ] ] ] } },
{ "type": "Feature", "properties": { "GEOID": "25025091001", "NAME": "Census Tract 910.01; Suffolk County; Massachusetts", "ksi_rate": 7.43, "sfca": 0.0448, "medinc": 89265.0, "pct_poc": 0.4, "pct_poverty": 0.1, "priority": "High KSI + Low Access (not low income)" }, "geometry": { "type": "MultiPolygon", "coordinates": [ [ [ [ -71.060746, 42.310205 ], [ -71.059574, 42.310551 ], [ -71.059379, 42.311039 ], [ -71.058881, 42.312771 ], [ -71.057207, 42.31296 ], [ -71.055387, 42.312569 ], [ -71.054983, 42.312331 ], [ -71.05315, 42.311336 ], [ -71.052165, 42.313844 ], [ -71.051981, 42.314975 ], [ -71.052166, 42.318815 ], [ -71.052124, 42.319836 ], [ -71.052456, 42.321466 ], [ -71.052093, 42.321469 ], [ -71.051368, 42.32141 ], [ -71.050925, 42.320876 ], [ -71.0467, 42.313016 ], [ -71.042347586832193, 42.311534811940298 ], [ -71.04249, 42.309745 ], [ -71.044832, 42.309193 ], [ -71.047439347548305, 42.30374697773221 ], [ -71.047478, 42.304424 ], [ -71.049268, 42.301197 ], [ -71.04946, 42.300822 ], [ -71.055432, 42.304323 ], [ -71.055973, 42.304517 ], [ -71.057388, 42.30548 ], [ -71.058397, 42.307678 ], [ -71.058419, 42.307579 ], [ -71.060596, 42.308788 ], [ -71.061387, 42.308742 ], [ -71.060746, 42.310205 ] ] ] ] } },
{ "type": "Feature", "properties": { "GEOID": "25025060604", "NAME": "Census Tract 606.04; Suffolk County; Massachusetts", "ksi_rate": 0.55, "sfca": 0.175, "medinc": 218982.0, "pct_poc": 0.2, "pct_poverty": 0.0, "priority": "Baseline" }, "geometry": { "type": "MultiPolygon", "coordinates": [ [ [ [ -71.050039, 42.353855 ], [ -71.049595, 42.354497 ], [ -71.0482832741435, 42.35601853970801 ], [ -71.033966285969896, 42.350048926270311 ], [ -71.035987, 42.347703 ], [ -71.04557, 42.351705 ], [ -71.047636, 42.348963 ], [ -71.052188, 42.351121 ], [ -71.050039, 42.353855 ] ] ] ] } },
{ "type": "Feature", "properties": { "GEOID": "25025070902", "NAME": "Census Tract 709.02; Suffolk County; Massachusetts", "ksi_rate": 0.0, "sfca": 0.142, "medinc": 126875.0, "pct_poc": 0.4, "pct_poverty": 0.2, "priority": "Baseline" }, "geometry": { "type": "MultiPolygon", "coordinates": [ [ [ [ -71.079637, 42.33975 ], [ -71.078827, 42.340115 ], [ -71.077372, 42.340931 ], [ -71.075269, 42.339211 ], [ -71.074995, 42.337931 ], [ -71.075668, 42.337475 ], [ -71.076941, 42.336527 ], [ -71.080349, 42.339363 ], [ -71.079637, 42.33975 ] ] ] ] } },
{ "type": "Feature", "properties": { "GEOID": "25025070801", "NAME": "Census Tract 708.01; Suffolk County; Massachusetts", "ksi_rate": 2.9, "sfca": 0.1742, "medinc": 44811.0, "pct_poc": 0.3, "pct_poverty": 0.4, "priority": "High KSI Only" }, "geometry": { "type": "MultiPolygon", "coordinates": [ [ [ [ -71.084681, 42.340293 ], [ -71.083151, 42.341622 ], [ -71.08174, 42.340671 ], [ -71.080349, 42.339363 ], [ -71.081969, 42.338416 ], [ -71.084459, 42.340067 ], [ -71.084681, 42.340293 ] ] ] ] } },
{ "type": "Feature", "properties": { "GEOID": "25025010205", "NAME": "Census Tract 102.05; Suffolk County; Massachusetts", "ksi_rate": 0.43, "sfca": 0.1542, "medinc": 67380.0, "pct_poc": 0.5, "pct_poverty": 0.2, "priority": "Baseline" }, "geometry": { "type": "MultiPolygon", "coordinates": [ [ [ [ -71.102519, 42.343375 ], [ -71.100982, 42.344881 ], [ -71.098955, 42.346815 ], [ -71.097412, 42.343694 ], [ -71.096493, 42.341843 ], [ -71.098408, 42.340791 ], [ -71.099062, 42.34061 ], [ -71.101823, 42.342503 ], [ -71.102519, 42.343375 ] ] ] ] } },
{ "type": "Feature", "properties": { "GEOID": "25025070103", "NAME": "Census Tract 701.03; Suffolk County; Massachusetts", "ksi_rate": 7.73, "sfca": 0.142, "medinc": 95000.0, "pct_poc": 0.6, "pct_poverty": 0.1, "priority": "High KSI Only" }, "geometry": { "type": "MultiPolygon", "coordinates": [ [ [ [ -71.062451, 42.346985 ], [ -71.061193, 42.34793 ], [ -71.059508, 42.351149 ], [ -71.059387, 42.348681 ], [ -71.057485, 42.347658 ], [ -71.058789, 42.346157 ], [ -71.060705, 42.346253 ], [ -71.063039, 42.34685 ], [ -71.062451, 42.346985 ] ] ] ] } },
{ "type": "Feature", "properties": { "GEOID": "25025020304", "NAME": "Census Tract 203.04; Suffolk County; Massachusetts", "ksi_rate": 1.22, "sfca": 0.114, "medinc": 189167.0, "pct_poc": 0.2, "pct_poverty": 0.1, "priority": "Baseline" }, "geometry": { "type": "MultiPolygon", "coordinates": [ [ [ [ -71.063716, 42.362198 ], [ -71.063388, 42.364193 ], [ -71.062941, 42.364547 ], [ -71.060673, 42.365777 ], [ -71.058525, 42.366952 ], [ -71.058381, 42.365266 ], [ -71.058433, 42.364641 ], [ -71.058958, 42.363385 ], [ -71.062195, 42.362258 ], [ -71.062911, 42.361229 ], [ -71.063721, 42.361241 ], [ -71.063716, 42.362198 ] ] ] ] } },
{ "type": "Feature", "properties": { "GEOID": "25025070302", "NAME": "Census Tract 703.02; Suffolk County; Massachusetts", "ksi_rate": 1.87, "sfca": 0.1055, "medinc": 121250.0, "pct_poc": 0.3, "pct_poverty": 0.2, "priority": "High KSI Only" }, "geometry": { "type": "MultiPolygon", "coordinates": [ [ [ [ -71.072822, 42.350755 ], [ -71.070455, 42.351417 ], [ -71.070655, 42.351854 ], [ -71.067533, 42.352513 ], [ -71.066868, 42.350962 ], [ -71.066613, 42.348761 ], [ -71.068193, 42.347866 ], [ -71.069111, 42.347945 ], [ -71.072692, 42.347931 ], [ -71.072, 42.349022 ], [ -71.072659, 42.35041 ], [ -71.072822, 42.350755 ] ] ] ] } },
{ "type": "Feature", "properties": { "GEOID": "25025070501", "NAME": "Census Tract 705.01; Suffolk County; Massachusetts", "ksi_rate": 0.0, "sfca": 0.13, "medinc": 224821.0, "pct_poc": 0.2, "pct_poverty": 0.0, "priority": "Baseline" }, "geometry": { "type": "MultiPolygon", "coordinates": [ [ [ [ -71.072075, 42.341286 ], [ -71.069897, 42.342552 ], [ -71.071584, 42.343976 ], [ -71.070205, 42.344864 ], [ -71.069855, 42.345266 ], [ -71.067073, 42.344308 ], [ -71.06593, 42.343936 ], [ -71.068084, 42.342014 ], [ -71.070707, 42.34079 ], [ -71.072075, 42.341286 ] ] ] ] } },
{ "type": "Feature", "properties": { "GEOID": "25025110104", "NAME": "Census Tract 1101.04; Suffolk County; Massachusetts", "ksi_rate": 1.51, "sfca": 0.2168, "medinc": 79464.0, "pct_poc": 0.8, "pct_poverty": 0.2, "priority": "Baseline" }, "geometry": { "type": "MultiPolygon", "coordinates": [ [ [ [ -71.12618, 42.290089 ], [ -71.124217, 42.292581 ], [ -71.121294, 42.295199 ], [ -71.12016, 42.295952 ], [ -71.115434, 42.298903 ], [ -71.115436, 42.298206 ], [ -71.116735, 42.296236 ], [ -71.118415, 42.293409 ], [ -71.11882, 42.292527 ], [ -71.119171, 42.291205 ], [ -71.119259, 42.290486 ], [ -71.120853, 42.291179 ], [ -71.122463, 42.291749 ], [ -71.125965, 42.288482 ], [ -71.127139, 42.289161 ], [ -71.12618, 42.290089 ] ] ] ] } },
{ "type": "Feature", "properties": { "GEOID": "25025010702", "NAME": "Census Tract 107.02; Suffolk County; Massachusetts", "ksi_rate": 2.31, "sfca": 0.093, "medinc": 164716.0, "pct_poc": 0.2, "pct_poverty": 0.1, "priority": "High KSI Only" }, "geometry": { "type": "MultiPolygon", "coordinates": [ [ [ [ -71.080862, 42.352267 ], [ -71.076583, 42.353425 ], [ -71.074401, 42.354022 ], [ -71.072055, 42.354655 ], [ -71.071079, 42.352673 ], [ -71.070655, 42.351854 ], [ -71.070455, 42.351417 ], [ -71.072822, 42.350755 ], [ -71.072659, 42.35041 ], [ -71.076683, 42.349395 ], [ -71.077368, 42.350075 ], [ -71.079508, 42.349508 ], [ -71.07986, 42.350304 ], [ -71.080296, 42.351121 ], [ -71.080862, 42.352267 ] ] ] ] } },
{ "type": "Feature", "properties": { "GEOID": "25025010802", "NAME": "Census Tract 108.02; Suffolk County; Massachusetts", "ksi_rate": 0.53, "sfca": 0.0662, "medinc": 180313.0, "pct_poc": 0.1, "pct_poverty": 0.1, "priority": "Baseline" }, "geometry": { "type": "MultiPolygon", "coordinates": [ [ [ [ -71.089862, 42.351576 ], [ -71.085915, 42.352526 ], [ -71.081595, 42.353704 ], [ -71.080862, 42.352267 ], [ -71.083173, 42.351651 ], [ -71.085125, 42.351144 ], [ -71.084699, 42.350297 ], [ -71.086243, 42.34991 ], [ -71.08871, 42.349252 ], [ -71.089497, 42.350848 ], [ -71.089757, 42.351363 ], [ -71.089862, 42.351576 ] ] ] ] } },
{ "type": "Feature", "properties": { "GEOID": "25025030500", "NAME": "Census Tract 305; Suffolk County; Massachusetts", "ksi_rate": 0.0, "sfca": 0.1034, "medinc": 139191.0, "pct_poc": 0.2, "pct_poverty": 0.1, "priority": "Baseline" }, "geometry": { "type": "MultiPolygon", "coordinates": [ [ [ [ -71.059795, 42.368767 ], [ -71.057141, 42.369982 ], [ -71.054995, 42.370697 ], [ -71.052619407687502, 42.370697 ], [ -71.052248, 42.369201 ], [ -71.05048, 42.368073 ], [ -71.050352119294402, 42.366254621937202 ], [ -71.050210217423896, 42.364236872291002 ], [ -71.051084, 42.363995 ], [ -71.05123, 42.364024 ], [ -71.053459, 42.364778 ], [ -71.052878, 42.365771 ], [ -71.053965, 42.366908 ], [ -71.0534, 42.367525 ], [ -71.056374, 42.368292 ], [ -71.057369, 42.367771 ], [ -71.058525, 42.366952 ], [ -71.059795, 42.368767 ] ] ] ] } },
{ "type": "Feature", "properties": { "GEOID": "25025101001", "NAME": "Census Tract 1010.01; Suffolk County; Massachusetts", "ksi_rate": 1.99, "sfca": 0.0986, "medinc": 93452.0, "pct_poc": 1.0, "pct_poverty": 0.1, "priority": "High KSI Only" }, "geometry": { "type": "MultiPolygon", "coordinates": [ [ [ [ -71.10858, 42.275395 ], [ -71.107526, 42.278302 ], [ -71.1037, 42.276747 ], [ -71.099503, 42.279119 ], [ -71.100542, 42.279606 ], [ -71.09845, 42.281698 ], [ -71.097928, 42.281262 ], [ -71.098332, 42.279577 ], [ -71.098124, 42.277644 ], [ -71.096913, 42.276031 ], [ -71.093683, 42.274351 ], [ -71.093695, 42.272877 ], [ -71.093881, 42.267634 ], [ -71.093908, 42.26714 ], [ -71.097483, 42.263089 ], [ -71.097899, 42.262882 ], [ -71.099676, 42.264841 ], [ -71.099623, 42.265501 ], [ -71.101243, 42.266829 ], [ -71.104367, 42.269534 ], [ -71.103358, 42.271002 ], [ -71.106563, 42.271768 ], [ -71.108415, 42.273505 ], [ -71.109191, 42.274363 ], [ -71.10858, 42.275395 ] ] ] ] } },
{ "type": "Feature", "properties": { "GEOID": "25025061204", "NAME": "Census Tract 612.04; Suffolk County; Massachusetts", "ksi_rate": 3.55, "sfca": 0.2256, "medinc": 166692.0, "pct_poc": 0.1, "pct_poverty": 0.0, "priority": "High KSI Only" }, "geometry": { "type": "MultiPolygon", "coordinates": [ [ [ [ -71.05647, 42.346111 ], [ -71.054788, 42.346871 ], [ -71.052188, 42.351121 ], [ -71.047636, 42.348963 ], [ -71.046084, 42.348255 ], [ -71.051345, 42.343798 ], [ -71.050159, 42.341693 ], [ -71.051924, 42.34253 ], [ -71.052357, 42.342123 ], [ -71.057226, 42.34354 ], [ -71.05647, 42.346111 ] ] ] ] } },
{ "type": "Feature", "properties": { "GEOID": "25025090901", "NAME": "Census Tract 909.01; Suffolk County; Massachusetts", "ksi_rate": 0.56, "sfca": 0.0633, "medinc": 55096.0, "pct_poc": 0.7, "pct_poverty": 0.4, "priority": "Low Access + Low Income" }, "geometry": { "type": "MultiPolygon", "coordinates": [ [ [ [ -71.050604, 42.320758 ], [ -71.050283, 42.321864 ], [ -71.050244, 42.322017 ], [ -71.048956, 42.323429 ], [ -71.047841, 42.322592 ], [ -71.046726000941405, 42.323070744949007 ], [ -71.040029806647397, 42.319653241446588 ], [ -71.033099, 42.316116 ], [ -71.032777, 42.313472 ], [ -71.036893, 42.310513 ], [ -71.037904, 42.310435 ], [ -71.040961, 42.312152 ], [ -71.042335, 42.311693 ], [ -71.042347586832193, 42.311534811940298 ], [ -71.0467, 42.313016 ], [ -71.050925, 42.320876 ], [ -71.050604, 42.320758 ] ] ] ] } },
{ "type": "Feature", "properties": { "GEOID": "25025091800", "NAME": "Census Tract 918; Suffolk County; Massachusetts", "ksi_rate": 2.38, "sfca": 0.1224, "medinc": 41817.0, "pct_poc": 1.0, "pct_poverty": 0.3, "priority": "High KSI Only" }, "geometry": { "type": "MultiPolygon", "coordinates": [ [ [ [ -71.076782, 42.305189 ], [ -71.073912, 42.307681 ], [ -71.073346, 42.30847 ], [ -71.072822, 42.309471 ], [ -71.072564, 42.310067 ], [ -71.072334, 42.310213 ], [ -71.070217, 42.311334 ], [ -71.068416, 42.31066 ], [ -71.066298, 42.309163 ], [ -71.06503, 42.30808 ], [ -71.066494, 42.306709 ], [ -71.067008, 42.306245 ], [ -71.068344, 42.305206 ], [ -71.068798, 42.304888 ], [ -71.070001, 42.30407 ], [ -71.071426, 42.303407 ], [ -71.073117, 42.304672 ], [ -71.074161, 42.30491 ], [ -71.076185, 42.305046 ], [ -71.076782, 42.305189 ] ] ] ] } },
{ "type": "Feature", "properties": { "GEOID": "25025100800", "NAME": "Census Tract 1008; Suffolk County; Massachusetts", "ksi_rate": 1.43, "sfca": 0.1054, "medinc": 77224.0, "pct_poc": 0.5, "pct_poverty": 0.1, "priority": "Baseline" }, "geometry": { "type": "MultiPolygon", "coordinates": [ [ [ [ -71.068018, 42.272216 ], [ -71.067189, 42.275504 ], [ -71.066503, 42.277904 ], [ -71.06592, 42.279928 ], [ -71.064787, 42.283999 ], [ -71.064303, 42.285699 ], [ -71.063796, 42.287492 ], [ -71.060489, 42.288294 ], [ -71.058624, 42.288442 ], [ -71.055703, 42.289158 ], [ -71.055347, 42.288242 ], [ -71.054547, 42.286615 ], [ -71.054963, 42.285575 ], [ -71.056001, 42.282921 ], [ -71.056536, 42.282583 ], [ -71.057275, 42.282449 ], [ -71.058932, 42.281991 ], [ -71.058528, 42.280061 ], [ -71.054694, 42.28034 ], [ -71.053748, 42.277996 ], [ -71.053284, 42.277502 ], [ -71.055575, 42.275052 ], [ -71.053494, 42.272458 ], [ -71.053836, 42.271699 ], [ -71.062189, 42.267159 ], [ -71.064695, 42.268607 ], [ -71.065097, 42.270659 ], [ -71.067815, 42.271396 ], [ -71.06814, 42.271 ], [ -71.068018, 42.272216 ] ] ] ] } },
{ "type": "Feature", "properties": { "GEOID": "25025050400", "NAME": "Census Tract 504; Suffolk County; Massachusetts", "ksi_rate": 0.0, "sfca": 0.0482, "medinc": 76307.0, "pct_poc": 0.6, "pct_poverty": 0.2, "priority": "Baseline" }, "geometry": { "type": "MultiPolygon", "coordinates": [ [ [ [ -71.040294, 42.370739 ], [ -71.037643, 42.369577 ], [ -71.036989, 42.369287 ], [ -71.034754, 42.36831 ], [ -71.035728, 42.367125 ], [ -71.036831, 42.365716 ], [ -71.039113, 42.366706 ], [ -71.038689, 42.368406 ], [ -71.038919, 42.368504 ], [ -71.041255, 42.369535 ], [ -71.040294, 42.370739 ] ] ] ] } },
{ "type": "Feature", "properties": { "GEOID": "25025070600", "NAME": "Census Tract 706; Suffolk County; Massachusetts", "ksi_rate": 0.71, "sfca": 0.1207, "medinc": 241008.0, "pct_poc": 0.2, "pct_poverty": 0.0, "priority": "Baseline" }, "geometry": { "type": "MultiPolygon", "coordinates": [ [ [ [ -71.079207, 42.342697 ], [ -71.078561, 42.343211 ], [ -71.0782, 42.343266 ], [ -71.075936, 42.343915 ], [ -71.074488, 42.344297 ], [ -71.074872, 42.345105 ], [ -71.072746, 42.345657 ], [ -71.071863, 42.343833 ], [ -71.073755, 42.342831 ], [ -71.074586, 42.342408 ], [ -71.077372, 42.340931 ], [ -71.079014, 42.342551 ], [ -71.079207, 42.342697 ] ] ] ] } },
{ "type": "Feature", "properties": { "GEOID": "25025110105", "NAME": "Census Tract 1101.05; Suffolk County; Massachusetts", "ksi_rate": 0.62, "sfca": 0.2061, "medinc": 152019.0, "pct_poc": 0.4, "pct_poverty": 0.1, "priority": "Baseline" }, "geometry": { "type": "MultiPolygon", "coordinates": [ [ [ [ -71.116735, 42.296236 ], [ -71.115436, 42.298206 ], [ -71.113384, 42.301492 ], [ -71.1093, 42.30151 ], [ -71.106655, 42.30088 ], [ -71.104661, 42.300271 ], [ -71.105517, 42.298831 ], [ -71.109596, 42.299098 ], [ -71.112075, 42.296178 ], [ -71.115368, 42.294572 ], [ -71.116026, 42.295933 ], [ -71.116735, 42.296236 ] ] ] ] } },
{ "type": "Feature", "properties": { "GEOID": "25025010300", "NAME": "Census Tract 103; Suffolk County; Massachusetts", "ksi_rate": 1.31, "sfca": 0.1714, "medinc": 71000.0, "pct_poc": 0.4, "pct_poverty": 0.2, "priority": "Baseline" }, "geometry": { "type": "MultiPolygon", "coordinates": [ [ [ [ -71.110001, 42.340317 ], [ -71.104722, 42.343371 ], [ -71.103275, 42.342741 ], [ -71.100603, 42.340204 ], [ -71.098988, 42.339095 ], [ -71.096885, 42.339026 ], [ -71.09621, 42.339827 ], [ -71.093217, 42.340889 ], [ -71.092543, 42.339513 ], [ -71.092192, 42.339139 ], [ -71.095745, 42.337727 ], [ -71.100306, 42.335941 ], [ -71.100935, 42.336168 ], [ -71.10539, 42.33786 ], [ -71.110001, 42.340317 ] ] ] ] } },
{ "type": "Feature", "properties": { "GEOID": "25025000201", "NAME": "Census Tract 2.01; Suffolk County; Massachusetts", "ksi_rate": 1.15, "sfca": 0.0962, "medinc": 114271.0, "pct_poc": 0.4, "pct_poverty": 0.1, "priority": "Baseline" }, "geometry": { "type": "MultiPolygon", "coordinates": [ [ [ [ -71.167643, 42.353787 ], [ -71.165196, 42.353316 ], [ -71.164303, 42.355279 ], [ -71.162785, 42.354822 ], [ -71.162557, 42.355534 ], [ -71.161769, 42.35818 ], [ -71.160899, 42.358625 ], [ -71.154693, 42.358139 ], [ -71.153762, 42.357525 ], [ -71.154266, 42.356072 ], [ -71.156135, 42.355353 ], [ -71.156709, 42.354735 ], [ -71.158059, 42.354074 ], [ -71.158594, 42.353813 ], [ -71.160565, 42.352671 ], [ -71.160304, 42.352141 ], [ -71.160437, 42.348916 ], [ -71.162138, 42.348989 ], [ -71.163093, 42.349041 ], [ -71.163333, 42.349115 ], [ -71.165392, 42.350272 ], [ -71.167605, 42.350604 ], [ -71.167584, 42.351212 ], [ -71.167806, 42.352837 ], [ -71.167643, 42.353787 ] ] ] ] } },
{ "type": "Feature", "properties": { "GEOID": "25025000101", "NAME": "Census Tract 1.01; Suffolk County; Massachusetts", "ksi_rate": 0.0, "sfca": 0.1647, "medinc": 151466.0, "pct_poc": 0.3, "pct_poverty": 0.1, "priority": "Baseline" }, "geometry": { "type": "MultiPolygon", "coordinates": [ [ [ [ -71.136596, 42.360161 ], [ -71.136273, 42.360903 ], [ -71.135331, 42.363175 ], [ -71.133088, 42.363383 ], [ -71.130218, 42.362694 ], [ -71.130417, 42.361957 ], [ -71.129768, 42.361072 ], [ -71.128879, 42.360368 ], [ -71.13083, 42.359024 ], [ -71.131488, 42.358595 ], [ -71.133083, 42.358556 ], [ -71.133303, 42.358581 ], [ -71.136961, 42.359315 ], [ -71.136596, 42.360161 ] ] ] ] } },
{ "type": "Feature", "properties": { "GEOID": "25025020200", "NAME": "Census Tract 202; Suffolk County; Massachusetts", "ksi_rate": 0.53, "sfca": 0.1191, "medinc": 122737.0, "pct_poc": 0.2, "pct_poverty": 0.1, "priority": "Baseline" }, "geometry": { "type": "MultiPolygon", "coordinates": [ [ [ [ -71.072355, 42.361207 ], [ -71.070812, 42.360902 ], [ -71.068752, 42.36108 ], [ -71.066911, 42.361141 ], [ -71.065161, 42.361201 ], [ -71.065048, 42.359368 ], [ -71.066823, 42.359352 ], [ -71.068629, 42.359568 ], [ -71.070786, 42.359467 ], [ -71.072123, 42.359465 ], [ -71.072355, 42.361207 ] ] ] ] } },
{ "type": "Feature", "properties": { "GEOID": "25025120201", "NAME": "Census Tract 1202.01; Suffolk County; Massachusetts", "ksi_rate": 1.11, "sfca": 0.1759, "medinc": 107955.0, "pct_poc": 0.5, "pct_poverty": 0.1, "priority": "Baseline" }, "geometry": { "type": "MultiPolygon", "coordinates": [ [ [ [ -71.115245, 42.306632 ], [ -71.110411, 42.307081 ], [ -71.110299, 42.306069 ], [ -71.107345, 42.310622 ], [ -71.104558, 42.309435 ], [ -71.10245, 42.308878 ], [ -71.10269, 42.305966 ], [ -71.102713, 42.305269 ], [ -71.104335, 42.302763 ], [ -71.10485, 42.30232 ], [ -71.105702, 42.301665 ], [ -71.106655, 42.30088 ], [ -71.1093, 42.30151 ], [ -71.113384, 42.301492 ], [ -71.114461, 42.301904 ], [ -71.11467, 42.305491 ], [ -71.115245, 42.306632 ] ] ] ] } },
{ "type": "Feature", "properties": { "GEOID": "25025050101", "NAME": "Census Tract 501.01; Suffolk County; Massachusetts", "ksi_rate": 0.33, "sfca": 0.0436, "medinc": 65662.0, "pct_poc": 0.7, "pct_poverty": 0.2, "priority": "Low Access + Low Income" }, "geometry": { "type": "MultiPolygon", "coordinates": [ [ [ [ -71.044298, 42.383209 ], [ -71.043264, 42.383594 ], [ -71.039262, 42.386831 ], [ -71.039306, 42.386624 ], [ -71.039315, 42.382606 ], [ -71.033395, 42.382611 ], [ -71.033423, 42.380522 ], [ -71.032781, 42.379486 ], [ -71.034924, 42.378685 ], [ -71.035764, 42.379936 ], [ -71.039211, 42.378634 ], [ -71.040029, 42.37865 ], [ -71.044982, 42.378543 ], [ -71.044298, 42.383209 ] ] ] ] } },
{ "type": "Feature", "properties": { "GEOID": "25025082100", "NAME": "Census Tract 821; Suffolk County; Massachusetts", "ksi_rate": 2.88, "sfca": 0.1218, "medinc": 29441.0, "pct_poc": 0.8, "pct_poverty": 0.2, "priority": "High KSI Only" }, "geometry": { "type": "MultiPolygon", "coordinates": [ [ [ [ -71.08993, 42.312629 ], [ -71.089399, 42.313257 ], [ -71.088319, 42.312895 ], [ -71.085862, 42.311689 ], [ -71.083919, 42.310576 ], [ -71.083251, 42.310604 ], [ -71.082668, 42.309535 ], [ -71.082804, 42.309331 ], [ -71.083078, 42.308772 ], [ -71.083254, 42.308469 ], [ -71.083898, 42.30759 ], [ -71.084299, 42.307015 ], [ -71.084923, 42.304428 ], [ -71.085011, 42.305169 ], [ -71.089079, 42.30753 ], [ -71.092172, 42.309859 ], [ -71.08993, 42.312629 ] ] ] ] } },
{ "type": "Feature", "properties": { "GEOID": "25025091700", "NAME": "Census Tract 917; Suffolk County; Massachusetts", "ksi_rate": 1.57, "sfca": 0.0861, "medinc": 72780.0, "pct_poc": 1.0, "pct_poverty": 0.3, "priority": "Low Access + Low Income" }, "geometry": { "type": "MultiPolygon", "coordinates": [ [ [ [ -71.070001, 42.30407 ], [ -71.068798, 42.304888 ], [ -71.068344, 42.305206 ], [ -71.067008, 42.306245 ], [ -71.066494, 42.306709 ], [ -71.066079, 42.30642 ], [ -71.064578, 42.304017 ], [ -71.064554, 42.305394 ], [ -71.063123, 42.305002 ], [ -71.061504, 42.30537 ], [ -71.061157, 42.304559 ], [ -71.060576, 42.303145 ], [ -71.063465, 42.301999 ], [ -71.067367, 42.301007 ], [ -71.071426, 42.303407 ], [ -71.070001, 42.30407 ] ] ] ] } },
{ "type": "Feature", "properties": { "GEOID": "25025000503", "NAME": "Census Tract 5.03; Suffolk County; Massachusetts", "ksi_rate": 0.0, "sfca": 0.0565, "medinc": 92560.0, "pct_poc": 0.2, "pct_poverty": 0.1, "priority": "Baseline" }, "geometry": { "type": "MultiPolygon", "coordinates": [ [ [ [ -71.152741, 42.338646 ], [ -71.152587, 42.338896 ], [ -71.151382, 42.340423 ], [ -71.149972, 42.341466 ], [ -71.148633, 42.341814 ], [ -71.147007, 42.341782 ], [ -71.145923, 42.341897 ], [ -71.146311, 42.341419 ], [ -71.147571, 42.340611 ], [ -71.148847, 42.339358 ], [ -71.149839, 42.337665 ], [ -71.150658, 42.337495 ], [ -71.152262, 42.337185 ], [ -71.153365, 42.338185 ], [ -71.152741, 42.338646 ] ] ] ] } },
{ "type": "Feature", "properties": { "GEOID": "25025000603", "NAME": "Census Tract 6.03; Suffolk County; Massachusetts", "ksi_rate": 0.0, "sfca": 0.1119, "medinc": 33229.0, "pct_poc": 0.7, "pct_poverty": 0.4, "priority": "Baseline" }, "geometry": { "type": "MultiPolygon", "coordinates": [ [ [ [ -71.149943, 42.349036 ], [ -71.147079, 42.350165 ], [ -71.141654, 42.349273 ], [ -71.140366, 42.348686 ], [ -71.141522, 42.346291 ], [ -71.141698, 42.34602 ], [ -71.143109, 42.343878 ], [ -71.144543, 42.344623 ], [ -71.145049, 42.344963 ], [ -71.146238, 42.346106 ], [ -71.149047, 42.347457 ], [ -71.149755, 42.348185 ], [ -71.149943, 42.349036 ] ] ] ] } },
{ "type": "Feature", "properties": { "GEOID": "25025020301", "NAME": "Census Tract 203.01; Suffolk County; Massachusetts", "ksi_rate": 2.78, "sfca": 0.097, "medinc": 115370.0, "pct_poc": 0.4, "pct_poverty": 0.1, "priority": "High KSI Only" }, "geometry": { "type": "MultiPolygon", "coordinates": [ [ [ [ -71.072355, 42.361207 ], [ -71.068497, 42.366506 ], [ -71.070218, 42.366148 ], [ -71.071537, 42.36711 ], [ -71.070644, 42.367949 ], [ -71.070575, 42.368015 ], [ -71.068431, 42.367037 ], [ -71.067339, 42.366484 ], [ -71.067606, 42.366426 ], [ -71.068696, 42.365486 ], [ -71.065368, 42.364831 ], [ -71.065134, 42.362404 ], [ -71.063716, 42.362198 ], [ -71.063721, 42.361241 ], [ -71.065161, 42.361201 ], [ -71.066911, 42.361141 ], [ -71.068752, 42.36108 ], [ -71.070812, 42.360902 ], [ -71.072355, 42.361207 ] ] ] ] } },
{ "type": "Feature", "properties": { "GEOID": "25025060301", "NAME": "Census Tract 603.01; Suffolk County; Massachusetts", "ksi_rate": 1.38, "sfca": 0.1031, "medinc": 183375.0, "pct_poc": 0.1, "pct_poverty": 0.1, "priority": "Baseline" }, "geometry": { "type": "MultiPolygon", "coordinates": [ [ [ [ -71.04155, 42.335518 ], [ -71.037431, 42.335588 ], [ -71.033346, 42.335661 ], [ -71.0333, 42.333978 ], [ -71.03328, 42.333146 ], [ -71.033262, 42.332329 ], [ -71.035296, 42.332293 ], [ -71.035207, 42.32935 ], [ -71.037248, 42.329525 ], [ -71.037291, 42.331432 ], [ -71.037314, 42.332265 ], [ -71.037336, 42.33308 ], [ -71.041479, 42.333016 ], [ -71.041511, 42.333827 ], [ -71.04155, 42.335518 ] ] ] ] } },
{ "type": "Feature", "properties": { "GEOID": "25025091100", "NAME": "Census Tract 911; Suffolk County; Massachusetts", "ksi_rate": 0.71, "sfca": 0.091, "medinc": 129732.0, "pct_poc": 0.5, "pct_poverty": 0.1, "priority": "Baseline" }, "geometry": { "type": "MultiPolygon", "coordinates": [ [ [ [ -71.060018, 42.314738 ], [ -71.059623, 42.315986 ], [ -71.059544, 42.316202 ], [ -71.058834, 42.3186 ], [ -71.058717, 42.318738 ], [ -71.056726, 42.31849 ], [ -71.056724, 42.318663 ], [ -71.05257, 42.319363 ], [ -71.052166, 42.318815 ], [ -71.051981, 42.314975 ], [ -71.052165, 42.313844 ], [ -71.05315, 42.311336 ], [ -71.054983, 42.312331 ], [ -71.055387, 42.312569 ], [ -71.057207, 42.31296 ], [ -71.058881, 42.312771 ], [ -71.05996, 42.314264 ], [ -71.060018, 42.314738 ] ] ] ] } },
{ "type": "Feature", "properties": { "GEOID": "25025061203", "NAME": "Census Tract 612.03; Suffolk County; Massachusetts", "ksi_rate": 1.32, "sfca": 0.1146, "medinc": 250001.0, "pct_poc": 0.2, "pct_poverty": 0.0, "priority": "Baseline" }, "geometry": { "type": "MultiPolygon", "coordinates": [ [ [ [ -71.05964, 42.34486 ], [ -71.058143, 42.345647 ], [ -71.05647, 42.346111 ], [ -71.057226, 42.34354 ], [ -71.052357, 42.342123 ], [ -71.051924, 42.34253 ], [ -71.050159, 42.341693 ], [ -71.052377, 42.339803 ], [ -71.053928, 42.340791 ], [ -71.05624, 42.338869 ], [ -71.057112, 42.338333 ], [ -71.057225, 42.338802 ], [ -71.059702, 42.336859 ], [ -71.059952, 42.34232 ], [ -71.059487, 42.34358 ], [ -71.060609, 42.343718 ], [ -71.05964, 42.34486 ] ] ] ] } },
{ "type": "Feature", "properties": { "GEOID": "25025070202", "NAME": "Census Tract 702.02; Suffolk County; Massachusetts", "ksi_rate": 0.4, "sfca": 0.1537, "medinc": 40694.0, "pct_poc": 0.8, "pct_poverty": 0.3, "priority": "Baseline" }, "geometry": { "type": "MultiPolygon", "coordinates": [ [ [ [ -71.064562, 42.352383 ], [ -71.062575, 42.352399 ], [ -71.061051, 42.352516 ], [ -71.059828, 42.352548 ], [ -71.058009, 42.35235 ], [ -71.059508, 42.351149 ], [ -71.061193, 42.34793 ], [ -71.062451, 42.346985 ], [ -71.063039, 42.34685 ], [ -71.064434, 42.347186 ], [ -71.06415, 42.348405 ], [ -71.062761, 42.351508 ], [ -71.064562, 42.352383 ] ] ] ] } },
{ "type": "Feature", "properties": { "GEOID": "25025040801", "NAME": "Census Tract 408.01; Suffolk County; Massachusetts", "ksi_rate": 0.84, "sfca": 0.0324, "medinc": 100806.0, "pct_poc": 0.5, "pct_poverty": 0.1, "priority": "Baseline" }, "geometry": { "type": "MultiPolygon", "coordinates": [ [ [ [ -71.061596, 42.380789 ], [ -71.058504, 42.3845 ], [ -71.055524, 42.387119 ], [ -71.055295, 42.387097 ], [ -71.048186, 42.385686 ], [ -71.047284, 42.385284 ], [ -71.044298, 42.383209 ], [ -71.044982, 42.378543 ], [ -71.045195, 42.377097 ], [ -71.046817295921002, 42.373040756786395 ], [ -71.047018, 42.37312 ], [ -71.050598, 42.372872 ], [ -71.052642, 42.370788 ], [ -71.052619407687502, 42.370697 ], [ -71.054995, 42.370697 ], [ -71.058443, 42.372116 ], [ -71.0578, 42.374197 ], [ -71.055835, 42.375634 ], [ -71.055231, 42.376225 ], [ -71.052941, 42.378428 ], [ -71.054154, 42.379039 ], [ -71.055912, 42.379115 ], [ -71.056286, 42.37741 ], [ -71.056459, 42.376924 ], [ -71.057116, 42.377089 ], [ -71.05989, 42.378061 ], [ -71.058956, 42.379668 ], [ -71.06139, 42.380696 ], [ -71.061596, 42.380789 ] ] ] ] } },
{ "type": "Feature", "properties": { "GEOID": "25025070502", "NAME": "Census Tract 705.02; Suffolk County; Massachusetts", "ksi_rate": 0.0, "sfca": 0.1153, "medinc": 52736.0, "pct_poc": 0.6, "pct_poverty": 0.4, "priority": "Baseline" }, "geometry": { "type": "MultiPolygon", "coordinates": [ [ [ [ -71.077372, 42.340931 ], [ -71.074586, 42.342408 ], [ -71.073755, 42.342831 ], [ -71.071863, 42.343833 ], [ -71.071584, 42.343976 ], [ -71.069897, 42.342552 ], [ -71.072075, 42.341286 ], [ -71.071826, 42.340056 ], [ -71.072504, 42.339615 ], [ -71.074995, 42.337931 ], [ -71.075269, 42.339211 ], [ -71.077372, 42.340931 ] ] ] ] } },
{ "type": "Feature", "properties": { "GEOID": "25025010403", "NAME": "Census Tract 104.03; Suffolk County; Massachusetts", "ksi_rate": 0.0, "sfca": 0.1068, "medinc": 40581.0, "pct_poc": 0.6, "pct_poverty": 0.5, "priority": "Baseline" }, "geometry": { "type": "MultiPolygon", "coordinates": [ [ [ [ -71.089548, 42.34541 ], [ -71.089264, 42.346887 ], [ -71.087758, 42.3473 ], [ -71.087455, 42.346635 ], [ -71.085796, 42.343332 ], [ -71.086805, 42.343436 ], [ -71.089965, 42.34392 ], [ -71.089548, 42.34541 ] ] ] ] } },
{ "type": "Feature", "properties": { "GEOID": "25025030100", "NAME": "Census Tract 301; Suffolk County; Massachusetts", "ksi_rate": 0.0, "sfca": 0.0895, "medinc": 111500.0, "pct_poc": 0.1, "pct_poverty": 0.1, "priority": "Baseline" }, "geometry": { "type": "MultiPolygon", "coordinates": [ [ [ [ -71.058525, 42.366952 ], [ -71.057369, 42.367771 ], [ -71.056374, 42.368292 ], [ -71.0534, 42.367525 ], [ -71.053965, 42.366908 ], [ -71.054999, 42.365964 ], [ -71.055485, 42.366185 ], [ -71.05595, 42.365508 ], [ -71.05675, 42.3654 ], [ -71.057404, 42.365308 ], [ -71.058525, 42.366952 ] ] ] ] } },
{ "type": "Feature", "properties": { "GEOID": "25025040100", "NAME": "Census Tract 401; Suffolk County; Massachusetts", "ksi_rate": 1.21, "sfca": 0.065, "medinc": 189333.0, "pct_poc": 0.2, "pct_poverty": 0.0, "priority": "Baseline" }, "geometry": { "type": "MultiPolygon", "coordinates": [ [ [ [ -71.064207, 42.37283 ], [ -71.061873, 42.375951 ], [ -71.061235, 42.377154 ], [ -71.060492, 42.376923 ], [ -71.060008, 42.376072 ], [ -71.059326, 42.37583 ], [ -71.0578, 42.374197 ], [ -71.058443, 42.372116 ], [ -71.054995, 42.370697 ], [ -71.057141, 42.369982 ], [ -71.059795, 42.368767 ], [ -71.061079, 42.370578 ], [ -71.061885, 42.371107 ], [ -71.064207, 42.37283 ] ] ] ] } },
{ "type": "Feature", "properties": { "GEOID": "25025101102", "NAME": "Census Tract 1011.02; Suffolk County; Massachusetts", "ksi_rate": 1.06, "sfca": 0.0971, "medinc": 46379.0, "pct_poc": 1.0, "pct_poverty": 0.3, "priority": "Baseline" }, "geometry": { "type": "MultiPolygon", "coordinates": [ [ [ [ -71.098332, 42.279577 ], [ -71.097928, 42.281262 ], [ -71.094976, 42.278239 ], [ -71.093576, 42.277248 ], [ -71.09349, 42.278421 ], [ -71.093182, 42.279386 ], [ -71.092968, 42.280021 ], [ -71.092109, 42.282601 ], [ -71.091807, 42.283523 ], [ -71.091569, 42.284214 ], [ -71.089785, 42.283936 ], [ -71.089298, 42.283573 ], [ -71.089108, 42.283134 ], [ -71.087048, 42.281565 ], [ -71.085504, 42.280991 ], [ -71.086091, 42.280216 ], [ -71.086926, 42.279344 ], [ -71.093695, 42.272877 ], [ -71.093683, 42.274351 ], [ -71.096913, 42.276031 ], [ -71.098124, 42.277644 ], [ -71.098332, 42.279577 ] ] ] ] } },
{ "type": "Feature", "properties": { "GEOID": "25025110502", "NAME": "Census Tract 1105.02; Suffolk County; Massachusetts", "ksi_rate": 1.27, "sfca": 0.1411, "medinc": 126250.0, "pct_poc": 0.4, "pct_poverty": 0.1, "priority": "Baseline" }, "geometry": { "type": "MultiPolygon", "coordinates": [ [ [ [ -71.137424, 42.286251 ], [ -71.127659, 42.287057 ], [ -71.127045, 42.28746 ], [ -71.128128, 42.286448 ], [ -71.126098, 42.285175 ], [ -71.125127, 42.28449 ], [ -71.127942, 42.282665 ], [ -71.129082, 42.280968 ], [ -71.129751, 42.281455 ], [ -71.132758, 42.2786 ], [ -71.134785, 42.276898 ], [ -71.136998, 42.278323 ], [ -71.137227, 42.280696 ], [ -71.137615, 42.285847 ], [ -71.137424, 42.286251 ] ] ] ] } },
{ "type": "Feature", "properties": { "GEOID": "25025120104", "NAME": "Census Tract 1201.04; Suffolk County; Massachusetts", "ksi_rate": 2.75, "sfca": 0.1901, "medinc": 142885.0, "pct_poc": 0.3, "pct_poverty": 0.1, "priority": "High KSI Only" }, "geometry": { "type": "MultiPolygon", "coordinates": [ [ [ [ -71.120727, 42.309009 ], [ -71.118254, 42.308767 ], [ -71.115472, 42.309675 ], [ -71.115555, 42.308474 ], [ -71.115506, 42.307655 ], [ -71.115339, 42.306839 ], [ -71.115245, 42.306632 ], [ -71.11467, 42.305491 ], [ -71.114461, 42.301904 ], [ -71.113384, 42.301492 ], [ -71.115436, 42.298206 ], [ -71.115434, 42.298903 ], [ -71.12002, 42.299817 ], [ -71.11696, 42.302186 ], [ -71.118796, 42.302996 ], [ -71.120002, 42.304567 ], [ -71.119566, 42.306432 ], [ -71.12025, 42.308347 ], [ -71.121463, 42.308685 ], [ -71.120727, 42.309009 ] ] ] ] } },
{ "type": "Feature", "properties": { "GEOID": "25025130404", "NAME": "Census Tract 1304.04; Suffolk County; Massachusetts", "ksi_rate": 1.16, "sfca": 0.1211, "medinc": 96761.0, "pct_poc": 0.4, "pct_poverty": 0.1, "priority": "Baseline" }, "geometry": { "type": "MultiPolygon", "coordinates": [ [ [ [ -71.163536, 42.262238 ], [ -71.16271, 42.267748 ], [ -71.161852, 42.268879 ], [ -71.162, 42.269239 ], [ -71.161836, 42.271147 ], [ -71.160225, 42.274799 ], [ -71.159775, 42.27845 ], [ -71.159434, 42.278834 ], [ -71.156772, 42.277048 ], [ -71.153504, 42.275976 ], [ -71.150778, 42.273551 ], [ -71.149893, 42.272228 ], [ -71.147289, 42.269994 ], [ -71.150086, 42.267577 ], [ -71.151124, 42.266666 ], [ -71.157052, 42.261202 ], [ -71.157521, 42.26074 ], [ -71.161574, 42.257546 ], [ -71.163393, 42.259023 ], [ -71.163536, 42.262238 ] ] ] ] } },
{ "type": "Feature", "properties": { "GEOID": "25025040401", "NAME": "Census Tract 404.01; Suffolk County; Massachusetts", "ksi_rate": 3.59, "sfca": 0.0603, "medinc": 155918.0, "pct_poc": 0.3, "pct_poverty": 0.0, "priority": "High KSI + Low Access (not low income)" }, "geometry": { "type": "MultiPolygon", "coordinates": [ [ [ [ -71.069987, 42.380309 ], [ -71.069106, 42.37941 ], [ -71.067827, 42.378206 ], [ -71.065503, 42.377791 ], [ -71.06497, 42.377305 ], [ -71.064259, 42.376844 ], [ -71.063092, 42.374689 ], [ -71.061873, 42.375951 ], [ -71.064207, 42.37283 ], [ -71.061885, 42.371107 ], [ -71.061079, 42.370578 ], [ -71.059795, 42.368767 ], [ -71.062994, 42.368391 ], [ -71.064059, 42.369001 ], [ -71.067115, 42.371816 ], [ -71.070545, 42.372356 ], [ -71.067907, 42.374627 ], [ -71.068217, 42.375124 ], [ -71.070901, 42.379871 ], [ -71.069987, 42.380309 ] ] ] ] } },
{ "type": "Feature", "properties": { "GEOID": "25025050600", "NAME": "Census Tract 506; Suffolk County; Massachusetts", "ksi_rate": 1.37, "sfca": 0.0586, "medinc": 74704.0, "pct_poc": 0.8, "pct_poverty": 0.1, "priority": "Baseline" }, "geometry": { "type": "MultiPolygon", "coordinates": [ [ [ [ -71.03903, 42.372371 ], [ -71.039075, 42.374167 ], [ -71.03878, 42.374927 ], [ -71.037901, 42.374452 ], [ -71.034449, 42.372711 ], [ -71.034742, 42.372461 ], [ -71.033923, 42.371932 ], [ -71.036989, 42.369287 ], [ -71.037643, 42.369577 ], [ -71.040294, 42.370739 ], [ -71.03903, 42.372371 ] ] ] ] } },
{ "type": "Feature", "properties": { "GEOID": "25025050901", "NAME": "Census Tract 509.01; Suffolk County; Massachusetts", "ksi_rate": 2.09, "sfca": 0.0603, "medinc": 111192.0, "pct_poc": 0.7, "pct_poverty": 0.1, "priority": "High KSI + Low Access (not low income)" }, "geometry": { "type": "MultiPolygon", "coordinates": [ [ [ [ -71.039306, 42.386624 ], [ -71.039262, 42.386831 ], [ -71.038357, 42.386529 ], [ -71.031995, 42.384597 ], [ -71.027712, 42.384041 ], [ -71.022672, 42.386265 ], [ -71.022178, 42.384946 ], [ -71.022664, 42.383916 ], [ -71.021698, 42.383539 ], [ -71.021791, 42.383024 ], [ -71.022636, 42.381739 ], [ -71.021562, 42.380143 ], [ -71.025128, 42.379753 ], [ -71.027727, 42.377211 ], [ -71.029191, 42.378128 ], [ -71.02982, 42.379051 ], [ -71.030235, 42.379663 ], [ -71.034511, 42.378069 ], [ -71.034924, 42.378685 ], [ -71.032781, 42.379486 ], [ -71.033423, 42.380522 ], [ -71.033395, 42.382611 ], [ -71.039315, 42.382606 ], [ -71.039306, 42.386624 ] ] ] ] } },
{ "type": "Feature", "properties": { "GEOID": "25025060200", "NAME": "Census Tract 602; Suffolk County; Massachusetts", "ksi_rate": 0.0, "sfca": 0.0859, "medinc": 178063.0, "pct_poc": 0.1, "pct_poverty": 0.1, "priority": "Baseline" }, "geometry": { "type": "MultiPolygon", "coordinates": [ [ [ [ -71.035296, 42.332293 ], [ -71.033262, 42.332329 ], [ -71.03328, 42.333146 ], [ -71.0333, 42.333978 ], [ -71.033346, 42.335661 ], [ -71.029234, 42.335729 ], [ -71.031283, 42.334832 ], [ -71.031254, 42.334002 ], [ -71.031226, 42.333186 ], [ -71.031191, 42.33236 ], [ -71.031143, 42.330653 ], [ -71.034314, 42.329492 ], [ -71.035207, 42.32935 ], [ -71.035296, 42.332293 ] ] ] ] } },
{ "type": "Feature", "properties": { "GEOID": "25025060700", "NAME": "Census Tract 607; Suffolk County; Massachusetts", "ksi_rate": 0.0, "sfca": 0.1062, "medinc": 23670.0, "pct_poc": 0.8, "pct_poverty": 0.4, "priority": "Baseline" }, "geometry": { "type": "MultiPolygon", "coordinates": [ [ [ [ -71.05624, 42.338869 ], [ -71.053928, 42.340791 ], [ -71.052377, 42.339803 ], [ -71.05084, 42.338795 ], [ -71.052405, 42.337488 ], [ -71.05389, 42.33624 ], [ -71.057112, 42.338333 ], [ -71.05624, 42.338869 ] ] ] ] } },
{ "type": "Feature", "properties": { "GEOID": "25025060800", "NAME": "Census Tract 608; Suffolk County; Massachusetts", "ksi_rate": 1.11, "sfca": 0.1052, "medinc": 171940.0, "pct_poc": 0.2, "pct_poverty": 0.1, "priority": "Baseline" }, "geometry": { "type": "MultiPolygon", "coordinates": [ [ [ [ -71.057112, 42.338333 ], [ -71.05389, 42.33624 ], [ -71.052405, 42.337488 ], [ -71.05084, 42.338795 ], [ -71.04776, 42.336812 ], [ -71.045695, 42.335452 ], [ -71.047508, 42.334599 ], [ -71.049688, 42.333549 ], [ -71.051057, 42.332794 ], [ -71.052302, 42.332046 ], [ -71.053151, 42.33152 ], [ -71.056733, 42.337375 ], [ -71.057112, 42.338333 ] ] ] ] } },
{ "type": "Feature", "properties": { "GEOID": "25025070700", "NAME": "Census Tract 707; Suffolk County; Massachusetts", "ksi_rate": 1.33, "sfca": 0.1122, "medinc": 126695.0, "pct_poc": 0.5, "pct_poverty": 0.1, "priority": "Baseline" }, "geometry": { "type": "MultiPolygon", "coordinates": [ [ [ [ -71.080082, 42.344219 ], [ -71.078086, 42.345821 ], [ -71.076028, 42.347309 ], [ -71.076201, 42.347911 ], [ -71.075163, 42.348159 ], [ -71.072, 42.349022 ], [ -71.072692, 42.347931 ], [ -71.075253, 42.345884 ], [ -71.074872, 42.345105 ], [ -71.074488, 42.344297 ], [ -71.075936, 42.343915 ], [ -71.0782, 42.343266 ], [ -71.078561, 42.343211 ], [ -71.080082, 42.344219 ] ] ] ] } },
{ "type": "Feature", "properties": { "GEOID": "25025071101", "NAME": "Census Tract 711.01; Suffolk County; Massachusetts", "ksi_rate": 5.32, "sfca": 0.1198, "medinc": 91338.0, "pct_poc": 0.5, "pct_poverty": 0.3, "priority": "High KSI Only" }, "geometry": { "type": "MultiPolygon", "coordinates": [ [ [ [ -71.076941, 42.336527 ], [ -71.075668, 42.337475 ], [ -71.074995, 42.337931 ], [ -71.072504, 42.339615 ], [ -71.070949, 42.338306 ], [ -71.070365, 42.338783 ], [ -71.068351, 42.337172 ], [ -71.069414, 42.336414 ], [ -71.068477, 42.335722 ], [ -71.067131, 42.335291 ], [ -71.072152, 42.332727 ], [ -71.07337, 42.33361 ], [ -71.074357, 42.332847 ], [ -71.075037, 42.33349 ], [ -71.076119, 42.332813 ], [ -71.075783, 42.334493 ], [ -71.077621, 42.336001 ], [ -71.076941, 42.336527 ] ] ] ] } },
{ "type": "Feature", "properties": { "GEOID": "25025080401", "NAME": "Census Tract 804.01; Suffolk County; Massachusetts", "ksi_rate": 2.68, "sfca": 0.2085, "medinc": 32526.0, "pct_poc": 0.9, "pct_poverty": 0.3, "priority": "High KSI Only" }, "geometry": { "type": "MultiPolygon", "coordinates": [ [ [ [ -71.085345, 42.335071 ], [ -71.080943, 42.332931 ], [ -71.080625, 42.333367 ], [ -71.080297, 42.333796 ], [ -71.077621, 42.336001 ], [ -71.075783, 42.334493 ], [ -71.076119, 42.332813 ], [ -71.075037, 42.33349 ], [ -71.074357, 42.332847 ], [ -71.077472, 42.330898 ], [ -71.078675, 42.330135 ], [ -71.079264, 42.328514 ], [ -71.080891, 42.328497 ], [ -71.081521, 42.328486 ], [ -71.083448, 42.32865 ], [ -71.082986, 42.330831 ], [ -71.085025, 42.330834 ], [ -71.085223, 42.3306 ], [ -71.085037, 42.332715 ], [ -71.087462, 42.334126 ], [ -71.085345, 42.335071 ] ] ] ] } },
{ "type": "Feature", "properties": { "GEOID": "25025081700", "NAME": "Census Tract 817; Suffolk County; Massachusetts", "ksi_rate": 1.36, "sfca": 0.1972, "medinc": 32288.0, "pct_poc": 0.9, "pct_poverty": 0.3, "priority": "Baseline" }, "geometry": { "type": "MultiPolygon", "coordinates": [ [ [ [ -71.092476, 42.321307 ], [ -71.0896, 42.323394 ], [ -71.088788, 42.324218 ], [ -71.08789, 42.32571 ], [ -71.086996, 42.327782 ], [ -71.085184, 42.328854 ], [ -71.083448, 42.32865 ], [ -71.08311, 42.32812 ], [ -71.08327, 42.326127 ], [ -71.083308, 42.325959 ], [ -71.081923, 42.321727 ], [ -71.081621, 42.320732 ], [ -71.081385, 42.319802 ], [ -71.081789, 42.31827 ], [ -71.081917, 42.318021 ], [ -71.086017, 42.319164 ], [ -71.086225, 42.318237 ], [ -71.090238, 42.319213 ], [ -71.091606, 42.320652 ], [ -71.092476, 42.321307 ] ] ] ] } },
{ "type": "Feature", "properties": { "GEOID": "25025090400", "NAME": "Census Tract 904; Suffolk County; Massachusetts", "ksi_rate": 0.46, "sfca": 0.1322, "medinc": 64492.0, "pct_poc": 1.0, "pct_poverty": 0.2, "priority": "Baseline" }, "geometry": { "type": "MultiPolygon", "coordinates": [ [ [ [ -71.078215, 42.315871 ], [ -71.077814, 42.318296 ], [ -71.077749, 42.319284 ], [ -71.077746, 42.320431 ], [ -71.075522, 42.320573 ], [ -71.073948, 42.320773 ], [ -71.072204, 42.321359 ], [ -71.071276, 42.32016 ], [ -71.069698, 42.318947 ], [ -71.070388, 42.317441 ], [ -71.073011, 42.317035 ], [ -71.072825, 42.316544 ], [ -71.073145, 42.314217 ], [ -71.072138, 42.313657 ], [ -71.073171, 42.312222 ], [ -71.074649, 42.312841 ], [ -71.077005, 42.313713 ], [ -71.078823, 42.314608 ], [ -71.078215, 42.315871 ] ] ] ] } },
{ "type": "Feature", "properties": { "GEOID": "25025091400", "NAME": "Census Tract 914; Suffolk County; Massachusetts", "ksi_rate": 0.0, "sfca": 0.1097, "medinc": 51926.0, "pct_poc": 0.9, "pct_poverty": 0.3, "priority": "Baseline" }, "geometry": { "type": "MultiPolygon", "coordinates": [ [ [ [ -71.072138, 42.313657 ], [ -71.073145, 42.314217 ], [ -71.072825, 42.316544 ], [ -71.073011, 42.317035 ], [ -71.070388, 42.317441 ], [ -71.069698, 42.318947 ], [ -71.068747, 42.318594 ], [ -71.066837, 42.317816 ], [ -71.0652, 42.317071 ], [ -71.067429, 42.314603 ], [ -71.068499, 42.312726 ], [ -71.06972, 42.311639 ], [ -71.070217, 42.311334 ], [ -71.071623, 42.311881 ], [ -71.073171, 42.312222 ], [ -71.072138, 42.313657 ] ] ] ] } },
{ "type": "Feature", "properties": { "GEOID": "25025091600", "NAME": "Census Tract 916; Suffolk County; Massachusetts", "ksi_rate": 1.3, "sfca": 0.079, "medinc": 45321.0, "pct_poc": 0.9, "pct_poverty": 0.2, "priority": "Low Access + Low Income" }, "geometry": { "type": "MultiPolygon", "coordinates": [ [ [ [ -71.066494, 42.306709 ], [ -71.06503, 42.30808 ], [ -71.063907, 42.308347 ], [ -71.061387, 42.308742 ], [ -71.060596, 42.308788 ], [ -71.058419, 42.307579 ], [ -71.058397, 42.307678 ], [ -71.057388, 42.30548 ], [ -71.055973, 42.304517 ], [ -71.059429, 42.303127 ], [ -71.059796, 42.301538 ], [ -71.060149, 42.30215 ], [ -71.060576, 42.303145 ], [ -71.061157, 42.304559 ], [ -71.061504, 42.30537 ], [ -71.063123, 42.305002 ], [ -71.064554, 42.305394 ], [ -71.064578, 42.304017 ], [ -71.066079, 42.30642 ], [ -71.066494, 42.306709 ] ] ] ] } },
{ "type": "Feature", "properties": { "GEOID": "25025100300", "NAME": "Census Tract 1003; Suffolk County; Massachusetts", "ksi_rate": 2.98, "sfca": 0.086, "medinc": 85344.0, "pct_poc": 1.0, "pct_poverty": 0.1, "priority": "High KSI + Low Access (not low income)" }, "geometry": { "type": "MultiPolygon", "coordinates": [ [ [ [ -71.083818, 42.283238 ], [ -71.082796, 42.284533 ], [ -71.082052, 42.285272 ], [ -71.079862, 42.28726 ], [ -71.079187, 42.288137 ], [ -71.078537, 42.289335 ], [ -71.077813, 42.28799 ], [ -71.077085, 42.284425 ], [ -71.076631, 42.283775 ], [ -71.076257, 42.28316 ], [ -71.076027, 42.281806 ], [ -71.075253, 42.27968 ], [ -71.07796, 42.27905 ], [ -71.078891, 42.278567 ], [ -71.080438, 42.27896 ], [ -71.081102, 42.279394 ], [ -71.082634, 42.280368 ], [ -71.082735, 42.280409 ], [ -71.085504, 42.280991 ], [ -71.083818, 42.283238 ] ] ] ] } },
{ "type": "Feature", "properties": { "GEOID": "25025000202", "NAME": "Census Tract 2.02; Suffolk County; Massachusetts", "ksi_rate": 1.8, "sfca": 0.0928, "medinc": 88625.0, "pct_poc": 0.5, "pct_poverty": 0.2, "priority": "Baseline" }, "geometry": { "type": "MultiPolygon", "coordinates": [ [ [ [ -71.160565, 42.352671 ], [ -71.158594, 42.353813 ], [ -71.158059, 42.354074 ], [ -71.156709, 42.354735 ], [ -71.156135, 42.355353 ], [ -71.154266, 42.356072 ], [ -71.153762, 42.357525 ], [ -71.153194, 42.357226 ], [ -71.149082, 42.356151 ], [ -71.150358, 42.354193 ], [ -71.150881, 42.35335 ], [ -71.146743, 42.352294 ], [ -71.147862, 42.350345 ], [ -71.151915, 42.35164 ], [ -71.152384, 42.350903 ], [ -71.153421, 42.349458 ], [ -71.153449, 42.349146 ], [ -71.155746, 42.349114 ], [ -71.159612, 42.348891 ], [ -71.160437, 42.348916 ], [ -71.160304, 42.352141 ], [ -71.160565, 42.352671 ] ] ] ] } },
{ "type": "Feature", "properties": { "GEOID": "25025000302", "NAME": "Census Tract 3.02; Suffolk County; Massachusetts", "ksi_rate": 0.52, "sfca": 0.0733, "medinc": 116793.0, "pct_poc": 0.4, "pct_poverty": 0.1, "priority": "Baseline" }, "geometry": { "type": "MultiPolygon", "coordinates": [ [ [ [ -71.174798, 42.350265 ], [ -71.169702, 42.349411 ], [ -71.168111, 42.350663 ], [ -71.167605, 42.350604 ], [ -71.165392, 42.350272 ], [ -71.163333, 42.349115 ], [ -71.163093, 42.349041 ], [ -71.162138, 42.348989 ], [ -71.160437, 42.348916 ], [ -71.161311, 42.347576 ], [ -71.162118, 42.346373 ], [ -71.165999, 42.341593 ], [ -71.166126, 42.340088 ], [ -71.166699, 42.340009 ], [ -71.174265, 42.349584 ], [ -71.174798, 42.350265 ] ] ] ] } },
{ "type": "Feature", "properties": { "GEOID": "25025140107", "NAME": "Census Tract 1401.07; Suffolk County; Massachusetts", "ksi_rate": 0.51, "sfca": 0.101, "medinc": 106111.0, "pct_poc": 0.8, "pct_poverty": 0.2, "priority": "Baseline" }, "geometry": { "type": "MultiPolygon", "coordinates": [ [ [ [ -71.132354, 42.25604 ], [ -71.128928, 42.258084 ], [ -71.130756, 42.258303 ], [ -71.133615, 42.261021 ], [ -71.131509, 42.262221 ], [ -71.128195, 42.260509 ], [ -71.126922, 42.261867 ], [ -71.127334, 42.264503 ], [ -71.12613, 42.263534 ], [ -71.123565, 42.262206 ], [ -71.124708, 42.257227 ], [ -71.125307, 42.255653 ], [ -71.125592, 42.255613 ], [ -71.126018, 42.254666 ], [ -71.127157, 42.253834 ], [ -71.128219, 42.252341 ], [ -71.130115, 42.251171 ], [ -71.130589, 42.251776 ], [ -71.132195, 42.253683 ], [ -71.133965, 42.254313 ], [ -71.132354, 42.25604 ] ] ] ] } },
{ "type": "Feature", "properties": { "GEOID": "25025010104", "NAME": "Census Tract 101.04; Suffolk County; Massachusetts", "ksi_rate": 1.43, "sfca": 0.0907, "medinc": 88611.0, "pct_poc": 0.4, "pct_poverty": 0.3, "priority": "Baseline" }, "geometry": { "type": "MultiPolygon", "coordinates": [ [ [ [ -71.100564, 42.347918 ], [ -71.097168, 42.348982 ], [ -71.097626, 42.349983 ], [ -71.098182, 42.350735 ], [ -71.094992, 42.35057 ], [ -71.089862, 42.351576 ], [ -71.089757, 42.351363 ], [ -71.089497, 42.350848 ], [ -71.08871, 42.349252 ], [ -71.087916, 42.347461 ], [ -71.089636, 42.347644 ], [ -71.091944, 42.347629 ], [ -71.092871, 42.347643 ], [ -71.098115, 42.347637 ], [ -71.099802, 42.347651 ], [ -71.101143, 42.347758 ], [ -71.100564, 42.347918 ] ] ] ] } },
{ "type": "Feature", "properties": { "GEOID": "25025010701", "NAME": "Census Tract 107.01; Suffolk County; Massachusetts", "ksi_rate": 3.54, "sfca": 0.0791, "medinc": 143125.0, "pct_poc": 0.3, "pct_poverty": 0.1, "priority": "High KSI + Low Access (not low income)" }, "geometry": { "type": "MultiPolygon", "coordinates": [ [ [ [ -71.08871, 42.349252 ], [ -71.086243, 42.34991 ], [ -71.084699, 42.350297 ], [ -71.085125, 42.351144 ], [ -71.083173, 42.351651 ], [ -71.080862, 42.352267 ], [ -71.080296, 42.351121 ], [ -71.07986, 42.350304 ], [ -71.079508, 42.349508 ], [ -71.083749, 42.34838 ], [ -71.085602, 42.347884 ], [ -71.087758, 42.3473 ], [ -71.087916, 42.347461 ], [ -71.08871, 42.349252 ] ] ] ] } },
{ "type": "Feature", "properties": { "GEOID": "25025030200", "NAME": "Census Tract 302; Suffolk County; Massachusetts", "ksi_rate": 0.0, "sfca": 0.1081, "medinc": 112183.0, "pct_poc": 0.1, "pct_poverty": 0.1, "priority": "Baseline" }, "geometry": { "type": "MultiPolygon", "coordinates": [ [ [ [ -71.058525, 42.366952 ], [ -71.057404, 42.365308 ], [ -71.05675, 42.3654 ], [ -71.05595, 42.365508 ], [ -71.055441, 42.365176 ], [ -71.055835, 42.363613 ], [ -71.056381, 42.362884 ], [ -71.056972, 42.363208 ], [ -71.058433, 42.364641 ], [ -71.058381, 42.365266 ], [ -71.058525, 42.366952 ] ] ] ] } },
{ "type": "Feature", "properties": { "GEOID": "25025980700", "NAME": "Census Tract 9807; Suffolk County; Massachusetts", "ksi_rate": null, "sfca": 0.0931, "medinc": null, "pct_poc": 0.0, "pct_poverty": 0.5, "priority": "Baseline" }, "geometry": { "type": "MultiPolygon", "coordinates": [ [ [ [ -71.147289, 42.269994 ], [ -71.143664, 42.272847 ], [ -71.145705, 42.27505 ], [ -71.145231, 42.276332 ], [ -71.142569, 42.277379 ], [ -71.143956, 42.280502 ], [ -71.140928, 42.276916 ], [ -71.140653, 42.275179 ], [ -71.136592, 42.27151 ], [ -71.133781, 42.274396 ], [ -71.132703, 42.274037 ], [ -71.131121, 42.273047 ], [ -71.132547, 42.2699 ], [ -71.130049, 42.266746 ], [ -71.130147, 42.266151 ], [ -71.127334, 42.264503 ], [ -71.126922, 42.261867 ], [ -71.128195, 42.260509 ], [ -71.131509, 42.262221 ], [ -71.133615, 42.261021 ], [ -71.130756, 42.258303 ], [ -71.128928, 42.258084 ], [ -71.132354, 42.25604 ], [ -71.133965, 42.254313 ], [ -71.13623, 42.251046 ], [ -71.136434, 42.249656 ], [ -71.132333, 42.24823 ], [ -71.135978, 42.246856 ], [ -71.136285, 42.246316 ], [ -71.139343, 42.249342 ], [ -71.139394, 42.252523 ], [ -71.138103, 42.255307 ], [ -71.140196, 42.258456 ], [ -71.142834, 42.255943 ], [ -71.144116, 42.25932 ], [ -71.145529, 42.259229 ], [ -71.146999, 42.26142 ], [ -71.146434, 42.264583 ], [ -71.150086, 42.267577 ], [ -71.147289, 42.269994 ] ] ] ] } },
{ "type": "Feature", "properties": { "GEOID": "25025140105", "NAME": "Census Tract 1401.05; Suffolk County; Massachusetts", "ksi_rate": 0.0, "sfca": 0.0827, "medinc": 85000.0, "pct_poc": 0.7, "pct_poverty": 0.1, "priority": "Baseline" }, "geometry": { "type": "MultiPolygon", "coordinates": [ [ [ [ -71.131121, 42.273047 ], [ -71.12867, 42.273895 ], [ -71.128245, 42.274245 ], [ -71.125794, 42.273468 ], [ -71.124914, 42.272699 ], [ -71.123587, 42.271416 ], [ -71.121776, 42.270676 ], [ -71.120607, 42.270284 ], [ -71.11827, 42.266595 ], [ -71.117999, 42.26458 ], [ -71.11788, 42.264024 ], [ -71.118957, 42.261923 ], [ -71.122036, 42.262921 ], [ -71.12331, 42.263508 ], [ -71.123565, 42.262206 ], [ -71.12613, 42.263534 ], [ -71.127334, 42.264503 ], [ -71.130147, 42.266151 ], [ -71.130049, 42.266746 ], [ -71.132547, 42.2699 ], [ -71.131121, 42.273047 ] ] ] ] } },
{ "type": "Feature", "properties": { "GEOID": "25025120103", "NAME": "Census Tract 1201.03; Suffolk County; Massachusetts", "ksi_rate": 1.83, "sfca": 0.0664, "medinc": 247533.0, "pct_poc": 0.2, "pct_poverty": 0.0, "priority": "High KSI + Low Access (not low income)" }, "geometry": { "type": "MultiPolygon", "coordinates": [ [ [ [ -71.121905, 42.312907 ], [ -71.121007, 42.31316 ], [ -71.1185, 42.314498 ], [ -71.117003, 42.315579 ], [ -71.115673, 42.315131 ], [ -71.116293, 42.314067 ], [ -71.1141, 42.313229 ], [ -71.114397, 42.311621 ], [ -71.115133, 42.310111 ], [ -71.115472, 42.309675 ], [ -71.118254, 42.308767 ], [ -71.120727, 42.309009 ], [ -71.121612, 42.309798 ], [ -71.121905, 42.312907 ] ] ] ] } },
{ "type": "Feature", "properties": { "GEOID": "25025070802", "NAME": "Census Tract 708.02; Suffolk County; Massachusetts", "ksi_rate": 0.0, "sfca": 0.1328, "medinc": 90670.0, "pct_poc": 0.4, "pct_poverty": 0.1, "priority": "Baseline" }, "geometry": { "type": "MultiPolygon", "coordinates": [ [ [ [ -71.082648, 42.342066 ], [ -71.08078, 42.343744 ], [ -71.080082, 42.344219 ], [ -71.078561, 42.343211 ], [ -71.079207, 42.342697 ], [ -71.079014, 42.342551 ], [ -71.077372, 42.340931 ], [ -71.078827, 42.340115 ], [ -71.079637, 42.33975 ], [ -71.080349, 42.339363 ], [ -71.08174, 42.340671 ], [ -71.083151, 42.341622 ], [ -71.082648, 42.342066 ] ] ] ] } },
{ "type": "Feature", "properties": { "GEOID": "25025000806", "NAME": "Census Tract 8.06; Suffolk County; Massachusetts", "ksi_rate": 7.33, "sfca": 0.1003, "medinc": 89479.0, "pct_poc": 0.4, "pct_poverty": 0.2, "priority": "High KSI Only" }, "geometry": { "type": "MultiPolygon", "coordinates": [ [ [ [ -71.135452, 42.364849 ], [ -71.132803, 42.366127 ], [ -71.130648, 42.368535 ], [ -71.130292, 42.371979 ], [ -71.12881, 42.372738 ], [ -71.12712, 42.371818 ], [ -71.12682, 42.370267 ], [ -71.125308, 42.368858 ], [ -71.121961, 42.36781 ], [ -71.119789, 42.367674 ], [ -71.118349, 42.366914 ], [ -71.117648, 42.360915 ], [ -71.118419, 42.356539 ], [ -71.118126, 42.355092 ], [ -71.120022, 42.354717 ], [ -71.120729, 42.354615 ], [ -71.125088, 42.355236 ], [ -71.131396, 42.356105 ], [ -71.129718, 42.356654 ], [ -71.128027, 42.357261 ], [ -71.12318, 42.358998 ], [ -71.124675, 42.362466 ], [ -71.123039, 42.363751 ], [ -71.129755, 42.363198 ], [ -71.130218, 42.362694 ], [ -71.133088, 42.363383 ], [ -71.135331, 42.363175 ], [ -71.135452, 42.364849 ] ] ] ] } },
{ "type": "Feature", "properties": { "GEOID": "25025130101", "NAME": "Census Tract 1301.01; Suffolk County; Massachusetts", "ksi_rate": 1.06, "sfca": 0.0439, "medinc": 154528.0, "pct_poc": 0.2, "pct_poverty": 0.0, "priority": "Baseline" }, "geometry": { "type": "MultiPolygon", "coordinates": [ [ [ [ -71.178636, 42.294595 ], [ -71.169808, 42.300443 ], [ -71.164702, 42.30383 ], [ -71.153691, 42.295746 ], [ -71.152113, 42.294588 ], [ -71.1503, 42.29553 ], [ -71.149376, 42.293096 ], [ -71.151439, 42.292869 ], [ -71.153486, 42.293265 ], [ -71.154309, 42.292974 ], [ -71.155656, 42.292108 ], [ -71.156177, 42.29171 ], [ -71.158683, 42.291845 ], [ -71.160629, 42.291585 ], [ -71.163971, 42.288311 ], [ -71.165318, 42.287479 ], [ -71.167734, 42.28586 ], [ -71.16605, 42.283241 ], [ -71.161901, 42.279768 ], [ -71.163369, 42.279176 ], [ -71.171218, 42.279784 ], [ -71.171099, 42.28174 ], [ -71.172416, 42.285832 ], [ -71.171569, 42.287972 ], [ -71.17623, 42.293262 ], [ -71.178636, 42.294595 ] ] ] ] } },
{ "type": "Feature", "properties": { "GEOID": "25025081301", "NAME": "Census Tract 813.01; Suffolk County; Massachusetts", "ksi_rate": 1.27, "sfca": 0.0813, "medinc": 33182.0, "pct_poc": 0.9, "pct_poverty": 0.5, "priority": "Low Access + Low Income" }, "geometry": { "type": "MultiPolygon", "coordinates": [ [ [ [ -71.102944, 42.319298 ], [ -71.100023, 42.322772 ], [ -71.099319, 42.323994 ], [ -71.098917, 42.325025 ], [ -71.098398, 42.324934 ], [ -71.09862, 42.324196 ], [ -71.098412, 42.319572 ], [ -71.098308, 42.315789 ], [ -71.095145, 42.313282 ], [ -71.096248, 42.312492 ], [ -71.099191, 42.314356 ], [ -71.099481, 42.314606 ], [ -71.098451, 42.315644 ], [ -71.101192, 42.318215 ], [ -71.102944, 42.319298 ] ] ] ] } },
{ "type": "Feature", "properties": { "GEOID": "25025070102", "NAME": "Census Tract 701.02; Suffolk County; Massachusetts", "ksi_rate": 0.57, "sfca": 0.1769, "medinc": 90962.0, "pct_poc": 0.4, "pct_poverty": 0.4, "priority": "Baseline" }, "geometry": { "type": "MultiPolygon", "coordinates": [ [ [ [ -71.064235, 42.353394 ], [ -71.063308, 42.355209 ], [ -71.061956, 42.356534 ], [ -71.063169, 42.357748 ], [ -71.062642, 42.357977 ], [ -71.05829, 42.35741 ], [ -71.058737, 42.356988 ], [ -71.061697, 42.354364 ], [ -71.062516, 42.35328 ], [ -71.062575, 42.352399 ], [ -71.064562, 42.352383 ], [ -71.064235, 42.353394 ] ] ] ] } },
{ "type": "Feature", "properties": { "GEOID": "25025081102", "NAME": "Census Tract 811.02; Suffolk County; Massachusetts", "ksi_rate": 0.0, "sfca": 0.1325, "medinc": 89253.0, "pct_poc": 0.5, "pct_poverty": 0.3, "priority": "Baseline" }, "geometry": { "type": "MultiPolygon", "coordinates": [ [ [ [ -71.112298, 42.332003 ], [ -71.110239, 42.333044 ], [ -71.109591, 42.333199 ], [ -71.109561, 42.330967 ], [ -71.108901, 42.330715 ], [ -71.108501, 42.330597 ], [ -71.106264, 42.330616 ], [ -71.101276, 42.32935 ], [ -71.099368, 42.327995 ], [ -71.100113, 42.326418 ], [ -71.101346, 42.326419 ], [ -71.104618, 42.326092 ], [ -71.105231, 42.326114 ], [ -71.107181, 42.326898 ], [ -71.108333, 42.327318 ], [ -71.110832, 42.329073 ], [ -71.111297, 42.330066 ], [ -71.112298, 42.332003 ] ] ] ] } },
{ "type": "Feature", "properties": { "GEOID": "25025010500", "NAME": "Census Tract 105; Suffolk County; Massachusetts", "ksi_rate": 2.06, "sfca": 0.1096, "medinc": 56386.0, "pct_poc": 0.5, "pct_poverty": 0.3, "priority": "High KSI Only" }, "geometry": { "type": "MultiPolygon", "coordinates": [ [ [ [ -71.087758, 42.3473 ], [ -71.085602, 42.347884 ], [ -71.084742, 42.346195 ], [ -71.081821, 42.345413 ], [ -71.08171, 42.345339 ], [ -71.080911, 42.344787 ], [ -71.080082, 42.344219 ], [ -71.08078, 42.343744 ], [ -71.082648, 42.342066 ], [ -71.083151, 42.341622 ], [ -71.084096, 42.342192 ], [ -71.0849, 42.342733 ], [ -71.084958, 42.34277 ], [ -71.085796, 42.343332 ], [ -71.087455, 42.346635 ], [ -71.087758, 42.3473 ] ] ] ] } },
{ "type": "Feature", "properties": { "GEOID": "25025020302", "NAME": "Census Tract 203.02; Suffolk County; Massachusetts", "ksi_rate": 1.39, "sfca": 0.1675, "medinc": 165938.0, "pct_poc": 0.2, "pct_poverty": 0.1, "priority": "Baseline" }, "geometry": { "type": "MultiPolygon", "coordinates": [ [ [ [ -71.065161, 42.361201 ], [ -71.063721, 42.361241 ], [ -71.062911, 42.361229 ], [ -71.062817, 42.358665 ], [ -71.062642, 42.357977 ], [ -71.063169, 42.357748 ], [ -71.06499, 42.357195 ], [ -71.065069, 42.358856 ], [ -71.065048, 42.359368 ], [ -71.065161, 42.361201 ] ] ] ] } },
{ "type": "Feature", "properties": { "GEOID": "25025030400", "NAME": "Census Tract 304; Suffolk County; Massachusetts", "ksi_rate": 1.3, "sfca": 0.1068, "medinc": 112123.0, "pct_poc": 0.1, "pct_poverty": 0.1, "priority": "Baseline" }, "geometry": { "type": "MultiPolygon", "coordinates": [ [ [ [ -71.055835, 42.363613 ], [ -71.055441, 42.365176 ], [ -71.05595, 42.365508 ], [ -71.055485, 42.366185 ], [ -71.054999, 42.365964 ], [ -71.053965, 42.366908 ], [ -71.052878, 42.365771 ], [ -71.053459, 42.364778 ], [ -71.05123, 42.364024 ], [ -71.051084, 42.363995 ], [ -71.051066, 42.363703 ], [ -71.051, 42.362584 ], [ -71.052809, 42.360915 ], [ -71.052967, 42.361029 ], [ -71.054925, 42.362046 ], [ -71.056381, 42.362884 ], [ -71.055835, 42.363613 ] ] ] ] } },
{ "type": "Feature", "properties": { "GEOID": "25025100601", "NAME": "Census Tract 1006.01; Suffolk County; Massachusetts", "ksi_rate": 0.0, "sfca": 0.0931, "medinc": 112446.0, "pct_poc": 0.7, "pct_poverty": 0.1, "priority": "Baseline" }, "geometry": { "type": "MultiPolygon", "coordinates": [ [ [ [ -71.062611, 42.291809 ], [ -71.06036, 42.292351 ], [ -71.057296, 42.293125 ], [ -71.054651, 42.293703 ], [ -71.052431, 42.294476 ], [ -71.050633, 42.292782 ], [ -71.048418, 42.290058 ], [ -71.051472, 42.289314 ], [ -71.052158, 42.289137 ], [ -71.055347, 42.288242 ], [ -71.055703, 42.289158 ], [ -71.058624, 42.288442 ], [ -71.060489, 42.288294 ], [ -71.063796, 42.287492 ], [ -71.062611, 42.291809 ] ] ] ] } },
{ "type": "Feature", "properties": { "GEOID": "25025100900", "NAME": "Census Tract 1009; Suffolk County; Massachusetts", "ksi_rate": 2.14, "sfca": 0.0708, "medinc": 114034.0, "pct_poc": 0.8, "pct_poverty": 0.0, "priority": "High KSI + Low Access (not low income)" }, "geometry": { "type": "MultiPolygon", "coordinates": [ [ [ [ -71.090073, 42.269948 ], [ -71.089331, 42.270172 ], [ -71.082924, 42.271334 ], [ -71.078879, 42.271632 ], [ -71.079003, 42.273409 ], [ -71.077615, 42.273782 ], [ -71.078447, 42.27574 ], [ -71.077251, 42.277217 ], [ -71.080438, 42.27896 ], [ -71.078891, 42.278567 ], [ -71.073166, 42.27805 ], [ -71.072774, 42.278073 ], [ -71.071015, 42.278314 ], [ -71.069501, 42.278813 ], [ -71.06592, 42.279928 ], [ -71.066503, 42.277904 ], [ -71.067189, 42.275504 ], [ -71.068018, 42.272216 ], [ -71.06814, 42.271 ], [ -71.072044, 42.270817 ], [ -71.073264, 42.270317 ], [ -71.075246, 42.2703 ], [ -71.076492, 42.270509 ], [ -71.080852, 42.269322 ], [ -71.082761, 42.268634 ], [ -71.089403, 42.26969 ], [ -71.090073, 42.269948 ] ] ] ] } },
{ "type": "Feature", "properties": { "GEOID": "25025110401", "NAME": "Census Tract 1104.01; Suffolk County; Massachusetts", "ksi_rate": 0.0, "sfca": 0.1894, "medinc": 97540.0, "pct_poc": 0.6, "pct_poverty": 0.1, "priority": "Baseline" }, "geometry": { "type": "MultiPolygon", "coordinates": [ [ [ [ -71.127045, 42.28746 ], [ -71.126312, 42.288149 ], [ -71.125965, 42.288482 ], [ -71.122463, 42.291749 ], [ -71.120853, 42.291179 ], [ -71.119259, 42.290486 ], [ -71.119282, 42.290235 ], [ -71.119549, 42.285511 ], [ -71.119712, 42.280288 ], [ -71.120675, 42.280696 ], [ -71.122433, 42.281826 ], [ -71.124041, 42.282998 ], [ -71.125127, 42.28449 ], [ -71.126098, 42.285175 ], [ -71.128128, 42.286448 ], [ -71.127045, 42.28746 ] ] ] ] } },
{ "type": "Feature", "properties": { "GEOID": "25025120105", "NAME": "Census Tract 1201.05; Suffolk County; Massachusetts", "ksi_rate": 2.1, "sfca": 0.0344, "medinc": 191397.0, "pct_poc": 0.2, "pct_poverty": 0.1, "priority": "High KSI + Low Access (not low income)" }, "geometry": { "type": "MultiPolygon", "coordinates": [ [ [ [ -71.140135, 42.302147 ], [ -71.136502, 42.306204 ], [ -71.134359, 42.309252 ], [ -71.131863, 42.313178 ], [ -71.130642, 42.31453 ], [ -71.123711, 42.322716 ], [ -71.121528, 42.323882 ], [ -71.120112, 42.322835 ], [ -71.119539, 42.322745 ], [ -71.119515, 42.322055 ], [ -71.119817, 42.321579 ], [ -71.12572, 42.318427 ], [ -71.124431, 42.317297 ], [ -71.121905, 42.312907 ], [ -71.121612, 42.309798 ], [ -71.120727, 42.309009 ], [ -71.121463, 42.308685 ], [ -71.121671, 42.308656 ], [ -71.120783, 42.308359 ], [ -71.122084, 42.306534 ], [ -71.123084, 42.305163 ], [ -71.124672, 42.305194 ], [ -71.124992, 42.303489 ], [ -71.125399, 42.302878 ], [ -71.125816, 42.302322 ], [ -71.12625, 42.301799 ], [ -71.127925, 42.300157 ], [ -71.130904, 42.301275 ], [ -71.134866, 42.301723 ], [ -71.136917, 42.301189 ], [ -71.140135, 42.302147 ] ] ] ] } },
{ "type": "Feature", "properties": { "GEOID": "25025120301", "NAME": "Census Tract 1203.01; Suffolk County; Massachusetts", "ksi_rate": 0.0, "sfca": 0.0899, "medinc": 130246.0, "pct_poc": 0.5, "pct_poverty": 0.1, "priority": "Baseline" }, "geometry": { "type": "MultiPolygon", "coordinates": [ [ [ [ -71.106293, 42.312329 ], [ -71.104475, 42.317022 ], [ -71.102944, 42.319298 ], [ -71.101192, 42.318215 ], [ -71.098451, 42.315644 ], [ -71.099481, 42.314606 ], [ -71.099191, 42.314356 ], [ -71.096248, 42.312492 ], [ -71.096832, 42.312246 ], [ -71.097848, 42.311067 ], [ -71.100716, 42.306566 ], [ -71.10269, 42.305966 ], [ -71.10245, 42.308878 ], [ -71.104558, 42.309435 ], [ -71.107345, 42.310622 ], [ -71.106293, 42.312329 ] ] ] ] } },
{ "type": "Feature", "properties": { "GEOID": "25025120400", "NAME": "Census Tract 1204; Suffolk County; Massachusetts", "ksi_rate": 0.48, "sfca": 0.0818, "medinc": 163713.0, "pct_poc": 0.3, "pct_poverty": 0.1, "priority": "Baseline" }, "geometry": { "type": "MultiPolygon", "coordinates": [ [ [ [ -71.11657, 42.321021 ], [ -71.116321, 42.321012 ], [ -71.11209, 42.321602 ], [ -71.109938, 42.322025 ], [ -71.110693, 42.320753 ], [ -71.111669, 42.31954 ], [ -71.112764, 42.317917 ], [ -71.110121, 42.316584 ], [ -71.107236, 42.316377 ], [ -71.106673, 42.317268 ], [ -71.104475, 42.317022 ], [ -71.106293, 42.312329 ], [ -71.107345, 42.310622 ], [ -71.110299, 42.306069 ], [ -71.110411, 42.307081 ], [ -71.115245, 42.306632 ], [ -71.115339, 42.306839 ], [ -71.115506, 42.307655 ], [ -71.115555, 42.308474 ], [ -71.115472, 42.309675 ], [ -71.115133, 42.310111 ], [ -71.114397, 42.311621 ], [ -71.1141, 42.313229 ], [ -71.116293, 42.314067 ], [ -71.115673, 42.315131 ], [ -71.117003, 42.315579 ], [ -71.116736, 42.317636 ], [ -71.116468, 42.318583 ], [ -71.117107, 42.319978 ], [ -71.11657, 42.321021 ] ] ] ] } },
{ "type": "Feature", "properties": { "GEOID": "25025110501", "NAME": "Census Tract 1105.01; Suffolk County; Massachusetts", "ksi_rate": 0.52, "sfca": 0.1243, "medinc": 147500.0, "pct_poc": 0.2, "pct_poverty": 0.1, "priority": "Baseline" }, "geometry": { "type": "MultiPolygon", "coordinates": [ [ [ [ -71.147775, 42.285995 ], [ -71.140547, 42.286135 ], [ -71.137424, 42.286251 ], [ -71.137615, 42.285847 ], [ -71.137227, 42.280696 ], [ -71.136998, 42.278323 ], [ -71.138649, 42.276901 ], [ -71.140269, 42.275474 ], [ -71.140653, 42.275179 ], [ -71.140928, 42.276916 ], [ -71.143956, 42.280502 ], [ -71.145519, 42.281804 ], [ -71.147025, 42.283278 ], [ -71.147504, 42.284177 ], [ -71.147775, 42.285995 ] ] ] ] } },
{ "type": "Feature", "properties": { "GEOID": "25025130406", "NAME": "Census Tract 1304.06; Suffolk County; Massachusetts", "ksi_rate": 0.58, "sfca": 0.0995, "medinc": 46463.0, "pct_poc": 0.8, "pct_poverty": 0.2, "priority": "Baseline" }, "geometry": { "type": "MultiPolygon", "coordinates": [ [ [ [ -71.161574, 42.257546 ], [ -71.157521, 42.26074 ], [ -71.157052, 42.261202 ], [ -71.151124, 42.266666 ], [ -71.150086, 42.267577 ], [ -71.146434, 42.264583 ], [ -71.146999, 42.26142 ], [ -71.145529, 42.259229 ], [ -71.144116, 42.25932 ], [ -71.142834, 42.255943 ], [ -71.143804, 42.254436 ], [ -71.146127, 42.252964 ], [ -71.146306, 42.253933 ], [ -71.146642, 42.255755 ], [ -71.150386, 42.25746 ], [ -71.152118, 42.258247 ], [ -71.155958, 42.256485 ], [ -71.158584, 42.255155 ], [ -71.161574, 42.257546 ] ] ] ] } },
{ "type": "Feature", "properties": { "GEOID": "25025130402", "NAME": "Census Tract 1304.02; Suffolk County; Massachusetts", "ksi_rate": 0.63, "sfca": 0.0725, "medinc": 107986.0, "pct_poc": 0.4, "pct_poverty": 0.0, "priority": "Baseline" }, "geometry": { "type": "MultiPolygon", "coordinates": [ [ [ [ -71.175549, 42.280318 ], [ -71.171218, 42.279784 ], [ -71.163369, 42.279176 ], [ -71.161901, 42.279768 ], [ -71.161148, 42.280341 ], [ -71.161006, 42.280057 ], [ -71.159434, 42.278834 ], [ -71.159775, 42.27845 ], [ -71.160225, 42.274799 ], [ -71.161836, 42.271147 ], [ -71.162, 42.269239 ], [ -71.161852, 42.268879 ], [ -71.16271, 42.267748 ], [ -71.163536, 42.262238 ], [ -71.163393, 42.259023 ], [ -71.167393, 42.262197 ], [ -71.168604, 42.26316 ], [ -71.171541, 42.266142 ], [ -71.174154, 42.267021 ], [ -71.174609, 42.268373 ], [ -71.172953, 42.270298 ], [ -71.173342, 42.270849 ], [ -71.173583, 42.271415 ], [ -71.174847, 42.273729 ], [ -71.174418, 42.275042 ], [ -71.174565, 42.275576 ], [ -71.173223, 42.275352 ], [ -71.172382, 42.276867 ], [ -71.174941, 42.278088 ], [ -71.177016, 42.280401 ], [ -71.175549, 42.280318 ] ] ] ] } },
{ "type": "Feature", "properties": { "GEOID": "25025140201", "NAME": "Census Tract 1402.01; Suffolk County; Massachusetts", "ksi_rate": 4.43, "sfca": 0.0821, "medinc": 110655.0, "pct_poc": 0.6, "pct_poverty": 0.1, "priority": "High KSI + Low Access (not low income)" }, "geometry": { "type": "MultiPolygon", "coordinates": [ [ [ [ -71.139241, 42.23366 ], [ -71.13631, 42.23634 ], [ -71.135267, 42.238163 ], [ -71.133716, 42.239631 ], [ -71.133058, 42.239479 ], [ -71.132151, 42.239203 ], [ -71.131368, 42.240089 ], [ -71.129004, 42.245995 ], [ -71.128992, 42.247992 ], [ -71.128433, 42.249173 ], [ -71.125505, 42.247954 ], [ -71.122884, 42.251849 ], [ -71.122839, 42.250485 ], [ -71.122439, 42.250058 ], [ -71.124843, 42.247607 ], [ -71.12541, 42.246866 ], [ -71.126066, 42.245479 ], [ -71.126233, 42.242667 ], [ -71.126184, 42.241615 ], [ -71.12567, 42.239527 ], [ -71.126377, 42.239162 ], [ -71.122602, 42.234515 ], [ -71.124587, 42.234012 ], [ -71.125477, 42.231882 ], [ -71.12742, 42.231176 ], [ -71.130749, 42.227911 ], [ -71.130771, 42.227926 ], [ -71.136665, 42.23191 ], [ -71.139241, 42.23366 ] ] ] ] } },
{ "type": "Feature", "properties": { "GEOID": "25025050200", "NAME": "Census Tract 502; Suffolk County; Massachusetts", "ksi_rate": 0.56, "sfca": 0.0711, "medinc": 97462.0, "pct_poc": 0.7, "pct_poverty": 0.2, "priority": "Baseline" }, "geometry": { "type": "MultiPolygon", "coordinates": [ [ [ [ -71.040029, 42.37865 ], [ -71.039211, 42.378634 ], [ -71.035764, 42.379936 ], [ -71.034924, 42.378685 ], [ -71.034511, 42.378069 ], [ -71.030235, 42.379663 ], [ -71.02982, 42.379051 ], [ -71.029191, 42.378128 ], [ -71.03054, 42.377006 ], [ -71.031044, 42.37732 ], [ -71.033678, 42.376827 ], [ -71.034096, 42.37745 ], [ -71.036256, 42.376652 ], [ -71.035834, 42.376031 ], [ -71.03878, 42.374927 ], [ -71.039075, 42.374167 ], [ -71.039978, 42.374601 ], [ -71.039899, 42.37712 ], [ -71.040029, 42.37865 ] ] ] ] } },
{ "type": "Feature", "properties": { "GEOID": "25025040600", "NAME": "Census Tract 406; Suffolk County; Massachusetts", "ksi_rate": 6.69, "sfca": 0.1885, "medinc": 160929.0, "pct_poc": 0.3, "pct_poverty": 0.0, "priority": "High KSI Only" }, "geometry": { "type": "MultiPolygon", "coordinates": [ [ [ [ -71.080932, 42.382133 ], [ -71.079428, 42.38332 ], [ -71.078727, 42.384306 ], [ -71.077638, 42.385838 ], [ -71.077405, 42.386167 ], [ -71.073496, 42.391796 ], [ -71.072696, 42.390796 ], [ -71.069322, 42.394022 ], [ -71.066944, 42.394755 ], [ -71.066997, 42.394006 ], [ -71.070696, 42.389596 ], [ -71.070896, 42.388996 ], [ -71.065695, 42.386596 ], [ -71.055524, 42.387119 ], [ -71.058504, 42.3845 ], [ -71.061596, 42.380789 ], [ -71.062356, 42.381102 ], [ -71.064195, 42.381867 ], [ -71.065339, 42.380298 ], [ -71.06494, 42.379316 ], [ -71.067928, 42.380498 ], [ -71.069106, 42.37941 ], [ -71.069987, 42.380309 ], [ -71.070901, 42.379871 ], [ -71.068217, 42.375124 ], [ -71.067907, 42.374627 ], [ -71.070545, 42.372356 ], [ -71.072466, 42.372658 ], [ -71.072689, 42.373222 ], [ -71.075657, 42.380196 ], [ -71.080701, 42.381039 ], [ -71.080932, 42.382133 ] ] ] ] } },
{ "type": "Feature", "properties": { "GEOID": "25025051000", "NAME": "Census Tract 510; Suffolk County; Massachusetts", "ksi_rate": 1.32, "sfca": 0.071, "medinc": 96536.0, "pct_poc": 0.5, "pct_poverty": 0.1, "priority": "Baseline" }, "geometry": { "type": "MultiPolygon", "coordinates": [ [ [ [ -71.022672, 42.386265 ], [ -71.020512, 42.387641 ], [ -71.017794, 42.390697 ], [ -71.016094, 42.395897 ], [ -71.013395, 42.397398 ], [ -71.011272, 42.396589 ], [ -71.01193, 42.395752 ], [ -71.010001, 42.39549 ], [ -71.011609, 42.393493 ], [ -71.013048, 42.391468 ], [ -71.012662, 42.390976 ], [ -71.011829, 42.390088 ], [ -71.008046, 42.38712 ], [ -71.010842, 42.386132 ], [ -71.010149, 42.3851 ], [ -71.013395, 42.382899 ], [ -71.011268, 42.380653 ], [ -71.013454, 42.380871 ], [ -71.013472, 42.379547 ], [ -71.016008, 42.380919 ], [ -71.021562, 42.380143 ], [ -71.022636, 42.381739 ], [ -71.021791, 42.383024 ], [ -71.021698, 42.383539 ], [ -71.022664, 42.383916 ], [ -71.022178, 42.384946 ], [ -71.022672, 42.386265 ] ] ] ] } },
{ "type": "Feature", "properties": { "GEOID": "25025081500", "NAME": "Census Tract 815; Suffolk County; Massachusetts", "ksi_rate": 0.64, "sfca": 0.1598, "medinc": 75708.0, "pct_poc": 0.8, "pct_poverty": 0.2, "priority": "Baseline" }, "geometry": { "type": "MultiPolygon", "coordinates": [ [ [ [ -71.095305, 42.318825 ], [ -71.093146, 42.3208 ], [ -71.095108, 42.321923 ], [ -71.095398, 42.32325 ], [ -71.093472, 42.323288 ], [ -71.092905, 42.326878 ], [ -71.090956, 42.325022 ], [ -71.088788, 42.324218 ], [ -71.0896, 42.323394 ], [ -71.092476, 42.321307 ], [ -71.091606, 42.320652 ], [ -71.090238, 42.319213 ], [ -71.091294, 42.317605 ], [ -71.091619, 42.316997 ], [ -71.092964, 42.316751 ], [ -71.093559, 42.315515 ], [ -71.094274, 42.315634 ], [ -71.097086, 42.317028 ], [ -71.095305, 42.318825 ] ] ] ] } },
{ "type": "Feature", "properties": { "GEOID": "25025081800", "NAME": "Census Tract 818; Suffolk County; Massachusetts", "ksi_rate": 1.01, "sfca": 0.148, "medinc": 60720.0, "pct_poc": 0.9, "pct_poverty": 0.2, "priority": "Baseline" }, "geometry": { "type": "MultiPolygon", "coordinates": [ [ [ [ -71.083308, 42.325959 ], [ -71.081605, 42.325549 ], [ -71.0796, 42.324161 ], [ -71.077516, 42.323261 ], [ -71.076664, 42.322889 ], [ -71.077146, 42.322196 ], [ -71.077746, 42.320431 ], [ -71.077749, 42.319284 ], [ -71.077814, 42.318296 ], [ -71.078215, 42.315871 ], [ -71.078823, 42.314608 ], [ -71.080998, 42.315755 ], [ -71.08285, 42.316362 ], [ -71.082367, 42.317233 ], [ -71.081917, 42.318021 ], [ -71.081789, 42.31827 ], [ -71.081385, 42.319802 ], [ -71.081621, 42.320732 ], [ -71.081923, 42.321727 ], [ -71.083308, 42.325959 ] ] ] ] } },
{ "type": "Feature", "properties": { "GEOID": "25025090300", "NAME": "Census Tract 903; Suffolk County; Massachusetts", "ksi_rate": 1.43, "sfca": 0.1506, "medinc": 47691.0, "pct_poc": 0.9, "pct_poverty": 0.2, "priority": "Baseline" }, "geometry": { "type": "MultiPolygon", "coordinates": [ [ [ [ -71.080312, 42.312418 ], [ -71.080088, 42.312691 ], [ -71.079683, 42.313219 ], [ -71.078823, 42.314608 ], [ -71.077005, 42.313713 ], [ -71.074649, 42.312841 ], [ -71.073171, 42.312222 ], [ -71.071623, 42.311881 ], [ -71.070217, 42.311334 ], [ -71.072334, 42.310213 ], [ -71.072564, 42.310067 ], [ -71.072822, 42.309471 ], [ -71.073346, 42.30847 ], [ -71.073912, 42.307681 ], [ -71.075233, 42.308273 ], [ -71.076076, 42.307568 ], [ -71.079585, 42.30988 ], [ -71.082012, 42.310256 ], [ -71.080312, 42.312418 ] ] ] ] } },
{ "type": "Feature", "properties": { "GEOID": "25025090700", "NAME": "Census Tract 907; Suffolk County; Massachusetts", "ksi_rate": 4.02, "sfca": 0.1129, "medinc": 92426.0, "pct_poc": 0.4, "pct_poverty": 0.2, "priority": "High KSI Only" }, "geometry": { "type": "MultiPolygon", "coordinates": [ [ [ [ -71.066655, 42.325845 ], [ -71.063553, 42.330791 ], [ -71.059288, 42.329973 ], [ -71.058241, 42.329734 ], [ -71.057749, 42.328376 ], [ -71.057845, 42.328139 ], [ -71.056915, 42.328035 ], [ -71.056868, 42.326867 ], [ -71.05685, 42.326289 ], [ -71.052904, 42.32287 ], [ -71.052456, 42.321466 ], [ -71.052124, 42.319836 ], [ -71.052166, 42.318815 ], [ -71.05257, 42.319363 ], [ -71.056724, 42.318663 ], [ -71.056726, 42.31849 ], [ -71.058717, 42.318738 ], [ -71.058834, 42.3186 ], [ -71.059596, 42.318869 ], [ -71.060846, 42.319911 ], [ -71.061481, 42.3205 ], [ -71.062131, 42.320557 ], [ -71.065383, 42.321234 ], [ -71.06594, 42.321499 ], [ -71.067507, 42.323297 ], [ -71.066655, 42.325845 ] ] ] ] } },
{ "type": "Feature", "properties": { "GEOID": "25025091200", "NAME": "Census Tract 912; Suffolk County; Massachusetts", "ksi_rate": 0.55, "sfca": 0.099, "medinc": 67594.0, "pct_poc": 0.7, "pct_poverty": 0.3, "priority": "Baseline" }, "geometry": { "type": "MultiPolygon", "coordinates": [ [ [ [ -71.067429, 42.314603 ], [ -71.0652, 42.317071 ], [ -71.064643, 42.31737 ], [ -71.063572, 42.318618 ], [ -71.06211, 42.320189 ], [ -71.061481, 42.3205 ], [ -71.060846, 42.319911 ], [ -71.059596, 42.318869 ], [ -71.058834, 42.3186 ], [ -71.059544, 42.316202 ], [ -71.059623, 42.315986 ], [ -71.060018, 42.314738 ], [ -71.05996, 42.314264 ], [ -71.058881, 42.312771 ], [ -71.060313, 42.312803 ], [ -71.062372, 42.313332 ], [ -71.063259, 42.313688 ], [ -71.064213, 42.314105 ], [ -71.064602, 42.314769 ], [ -71.06564, 42.314849 ], [ -71.067429, 42.314603 ] ] ] ] } },
{ "type": "Feature", "properties": { "GEOID": "25025091300", "NAME": "Census Tract 913; Suffolk County; Massachusetts", "ksi_rate": 1.86, "sfca": 0.1026, "medinc": 60962.0, "pct_poc": 0.9, "pct_poverty": 0.3, "priority": "High KSI Only" }, "geometry": { "type": "MultiPolygon", "coordinates": [ [ [ [ -71.072204, 42.321359 ], [ -71.069842, 42.321567 ], [ -71.068061, 42.321281 ], [ -71.067507, 42.323297 ], [ -71.06594, 42.321499 ], [ -71.065383, 42.321234 ], [ -71.062131, 42.320557 ], [ -71.061481, 42.3205 ], [ -71.06211, 42.320189 ], [ -71.063572, 42.318618 ], [ -71.064643, 42.31737 ], [ -71.0652, 42.317071 ], [ -71.066837, 42.317816 ], [ -71.068747, 42.318594 ], [ -71.069698, 42.318947 ], [ -71.071276, 42.32016 ], [ -71.072204, 42.321359 ] ] ] ] } },
{ "type": "Feature", "properties": { "GEOID": "25025092000", "NAME": "Census Tract 920; Suffolk County; Massachusetts", "ksi_rate": 1.08, "sfca": 0.092, "medinc": 59757.0, "pct_poc": 0.9, "pct_poverty": 0.2, "priority": "Low Access + Low Income" }, "geometry": { "type": "MultiPolygon", "coordinates": [ [ [ [ -71.073641, 42.299371 ], [ -71.072927, 42.299579 ], [ -71.072299, 42.299937 ], [ -71.072011, 42.301464 ], [ -71.071569, 42.30243 ], [ -71.071426, 42.303407 ], [ -71.067367, 42.301007 ], [ -71.063465, 42.301999 ], [ -71.060576, 42.303145 ], [ -71.060149, 42.30215 ], [ -71.059796, 42.301538 ], [ -71.060015, 42.300759 ], [ -71.060163, 42.300302 ], [ -71.063426, 42.299588 ], [ -71.06432, 42.299205 ], [ -71.065538, 42.298313 ], [ -71.066413, 42.297022 ], [ -71.070249, 42.295996 ], [ -71.072117, 42.295513 ], [ -71.072269, 42.296675 ], [ -71.073072, 42.298586 ], [ -71.073641, 42.299371 ] ] ] ] } },
{ "type": "Feature", "properties": { "GEOID": "25025092101", "NAME": "Census Tract 921.01; Suffolk County; Massachusetts", "ksi_rate": 3.23, "sfca": 0.046, "medinc": 62368.0, "pct_poc": 0.7, "pct_poverty": 0.2, "priority": "Priority: High KSI + Low Access + Low Income" }, "geometry": { "type": "MultiPolygon", "coordinates": [ [ [ [ -71.062259, 42.29301 ], [ -71.061371, 42.296066 ], [ -71.060653, 42.298647 ], [ -71.060163, 42.300302 ], [ -71.060015, 42.300759 ], [ -71.059796, 42.301538 ], [ -71.059429, 42.303127 ], [ -71.055973, 42.304517 ], [ -71.055432, 42.304323 ], [ -71.04946, 42.300822 ], [ -71.049268, 42.301197 ], [ -71.047478, 42.304424 ], [ -71.047439347548305, 42.30374697773221 ], [ -71.047616, 42.303378 ], [ -71.044495, 42.301496 ], [ -71.045971080436004, 42.299312483370713 ], [ -71.046786, 42.298107 ], [ -71.048293, 42.298315 ], [ -71.047456, 42.293594 ], [ -71.047986, 42.293079 ], [ -71.050633, 42.292782 ], [ -71.052431, 42.294476 ], [ -71.054651, 42.293703 ], [ -71.057296, 42.293125 ], [ -71.06036, 42.292351 ], [ -71.062611, 42.291809 ], [ -71.062259, 42.29301 ] ] ] ] } },
{ "type": "Feature", "properties": { "GEOID": "25025100400", "NAME": "Census Tract 1004; Suffolk County; Massachusetts", "ksi_rate": 0.98, "sfca": 0.1085, "medinc": 115906.0, "pct_poc": 0.9, "pct_poverty": 0.2, "priority": "Baseline" }, "geometry": { "type": "MultiPolygon", "coordinates": [ [ [ [ -71.07796, 42.27905 ], [ -71.075253, 42.27968 ], [ -71.076027, 42.281806 ], [ -71.076257, 42.28316 ], [ -71.076631, 42.283775 ], [ -71.07227, 42.284631 ], [ -71.071541, 42.284497 ], [ -71.071177, 42.285348 ], [ -71.066696, 42.28513 ], [ -71.064303, 42.285699 ], [ -71.064787, 42.283999 ], [ -71.06592, 42.279928 ], [ -71.069501, 42.278813 ], [ -71.071015, 42.278314 ], [ -71.072774, 42.278073 ], [ -71.073166, 42.27805 ], [ -71.078891, 42.278567 ], [ -71.07796, 42.27905 ] ] ] ] } },
{ "type": "Feature", "properties": { "GEOID": "25025000601", "NAME": "Census Tract 6.01; Suffolk County; Massachusetts", "ksi_rate": 1.84, "sfca": 0.1164, "medinc": 97877.0, "pct_poc": 0.6, "pct_poverty": 0.1, "priority": "High KSI Only" }, "geometry": { "type": "MultiPolygon", "coordinates": [ [ [ [ -71.153992, 42.347932 ], [ -71.153449, 42.349146 ], [ -71.153421, 42.349458 ], [ -71.152384, 42.350903 ], [ -71.151915, 42.35164 ], [ -71.147862, 42.350345 ], [ -71.146743, 42.352294 ], [ -71.150881, 42.35335 ], [ -71.150358, 42.354193 ], [ -71.149082, 42.356151 ], [ -71.144176, 42.354889 ], [ -71.140681, 42.354004 ], [ -71.139066, 42.353791 ], [ -71.137341, 42.35359 ], [ -71.140266, 42.352543 ], [ -71.143981, 42.351433 ], [ -71.145612, 42.350786 ], [ -71.147079, 42.350165 ], [ -71.149943, 42.349036 ], [ -71.149755, 42.348185 ], [ -71.151235, 42.345813 ], [ -71.153067, 42.346154 ], [ -71.153786, 42.347256 ], [ -71.153992, 42.347932 ] ] ] ] } },
{ "type": "Feature", "properties": { "GEOID": "25025000704", "NAME": "Census Tract 7.04; Suffolk County; Massachusetts", "ksi_rate": 2.47, "sfca": 0.0973, "medinc": 78778.0, "pct_poc": 0.4, "pct_poverty": 0.2, "priority": "High KSI Only" }, "geometry": { "type": "MultiPolygon", "coordinates": [ [ [ [ -71.136379, 42.350393 ], [ -71.135644, 42.351695 ], [ -71.13456, 42.353352 ], [ -71.132106, 42.353061 ], [ -71.131447, 42.351154 ], [ -71.131071, 42.350499 ], [ -71.130868, 42.350136 ], [ -71.130033, 42.349218 ], [ -71.129746, 42.34885 ], [ -71.133381, 42.347122 ], [ -71.134254, 42.346577 ], [ -71.134674, 42.34685 ], [ -71.135757, 42.347968 ], [ -71.135042, 42.348165 ], [ -71.135724, 42.34904 ], [ -71.136379, 42.350393 ] ] ] ] } },
{ "type": "Feature", "properties": { "GEOID": "25025140106", "NAME": "Census Tract 1401.06; Suffolk County; Massachusetts", "ksi_rate": 0.0, "sfca": 0.0738, "medinc": 59861.0, "pct_poc": 0.7, "pct_poverty": 0.1, "priority": "Low Access + Low Income" }, "geometry": { "type": "MultiPolygon", "coordinates": [ [ [ [ -71.140269, 42.275474 ], [ -71.138649, 42.276901 ], [ -71.136998, 42.278323 ], [ -71.134785, 42.276898 ], [ -71.134626, 42.276784 ], [ -71.131642, 42.274908 ], [ -71.132703, 42.274037 ], [ -71.133781, 42.274396 ], [ -71.136592, 42.27151 ], [ -71.140653, 42.275179 ], [ -71.140269, 42.275474 ] ] ] ] } },
{ "type": "Feature", "properties": { "GEOID": "25025980300", "NAME": "Census Tract 9803; Suffolk County; Massachusetts", "ksi_rate": null, "sfca": 0.1375, "medinc": null, "pct_poc": 0.4, "pct_poverty": 0.9, "priority": "Baseline" }, "geometry": { "type": "MultiPolygon", "coordinates": [ [ [ [ -71.105702, 42.301665 ], [ -71.10485, 42.30232 ], [ -71.104335, 42.302763 ], [ -71.102713, 42.305269 ], [ -71.10269, 42.305966 ], [ -71.100716, 42.306566 ], [ -71.097848, 42.311067 ], [ -71.096832, 42.312246 ], [ -71.096248, 42.312492 ], [ -71.095145, 42.313282 ], [ -71.093603, 42.31215 ], [ -71.093132, 42.31072 ], [ -71.092172, 42.309859 ], [ -71.089079, 42.30753 ], [ -71.085011, 42.305169 ], [ -71.084923, 42.304428 ], [ -71.085246, 42.303446 ], [ -71.085903, 42.301381 ], [ -71.086992, 42.298142 ], [ -71.089635, 42.297498 ], [ -71.09135, 42.296922 ], [ -71.093173, 42.294613 ], [ -71.094542, 42.293021 ], [ -71.095759, 42.291973 ], [ -71.096181, 42.292886 ], [ -71.096402, 42.293235 ], [ -71.103291, 42.299806 ], [ -71.104661, 42.300271 ], [ -71.106655, 42.30088 ], [ -71.105702, 42.301665 ] ] ] ] } },
{ "type": "Feature", "properties": { "GEOID": "25025081400", "NAME": "Census Tract 814; Suffolk County; Massachusetts", "ksi_rate": 0.97, "sfca": 0.1943, "medinc": 73375.0, "pct_poc": 0.6, "pct_poverty": 0.3, "priority": "Baseline" }, "geometry": { "type": "MultiPolygon", "coordinates": [ [ [ [ -71.099368, 42.327995 ], [ -71.098941, 42.329133 ], [ -71.098495, 42.330067 ], [ -71.097603, 42.330772 ], [ -71.097185, 42.331782 ], [ -71.095351, 42.331554 ], [ -71.0944, 42.331412 ], [ -71.093806, 42.331331 ], [ -71.090527, 42.331173 ], [ -71.088189, 42.330611 ], [ -71.091441, 42.330037 ], [ -71.091239, 42.329939 ], [ -71.087674, 42.327912 ], [ -71.086996, 42.327782 ], [ -71.08789, 42.32571 ], [ -71.088788, 42.324218 ], [ -71.090956, 42.325022 ], [ -71.092905, 42.326878 ], [ -71.093472, 42.323288 ], [ -71.095398, 42.32325 ], [ -71.096523, 42.326202 ], [ -71.098398, 42.324934 ], [ -71.098917, 42.325025 ], [ -71.099278, 42.326361 ], [ -71.100113, 42.326418 ], [ -71.099368, 42.327995 ] ] ] ] } },
{ "type": "Feature", "properties": { "GEOID": "25025060603", "NAME": "Census Tract 606.03; Suffolk County; Massachusetts", "ksi_rate": 3.87, "sfca": 0.131, "medinc": 160417.0, "pct_poc": 0.2, "pct_poverty": 0.1, "priority": "High KSI Only" }, "geometry": { "type": "MultiPolygon", "coordinates": [ [ [ [ -71.047636, 42.348963 ], [ -71.04557, 42.351705 ], [ -71.035987, 42.347703 ], [ -71.035134, 42.3466 ], [ -71.037451, 42.343214 ], [ -71.039493, 42.344487 ], [ -71.042081, 42.346167 ], [ -71.046084, 42.348255 ], [ -71.047636, 42.348963 ] ] ] ] } },
{ "type": "Feature", "properties": { "GEOID": "25025070901", "NAME": "Census Tract 709.01; Suffolk County; Massachusetts", "ksi_rate": 5.26, "sfca": 0.1776, "medinc": 40406.0, "pct_poc": 0.8, "pct_poverty": 0.2, "priority": "High KSI Only" }, "geometry": { "type": "MultiPolygon", "coordinates": [ [ [ [ -71.080349, 42.339363 ], [ -71.076941, 42.336527 ], [ -71.077621, 42.336001 ], [ -71.079266, 42.336538 ], [ -71.081969, 42.338416 ], [ -71.080349, 42.339363 ] ] ] ] } },
{ "type": "Feature", "properties": { "GEOID": "25025020101", "NAME": "Census Tract 201.01; Suffolk County; Massachusetts", "ksi_rate": 0.43, "sfca": 0.1459, "medinc": 213421.0, "pct_poc": 0.1, "pct_poverty": 0.0, "priority": "Baseline" }, "geometry": { "type": "MultiPolygon", "coordinates": [ [ [ [ -71.073169, 42.356456 ], [ -71.072123, 42.359465 ], [ -71.070786, 42.359467 ], [ -71.068629, 42.359568 ], [ -71.066823, 42.359352 ], [ -71.065048, 42.359368 ], [ -71.065069, 42.358856 ], [ -71.06499, 42.357195 ], [ -71.067642, 42.356603 ], [ -71.071296, 42.355771 ], [ -71.072564, 42.355439 ], [ -71.073464, 42.356121 ], [ -71.073169, 42.356456 ] ] ] ] } },
{ "type": "Feature", "properties": { "GEOID": "25025100700", "NAME": "Census Tract 1007; Suffolk County; Massachusetts", "ksi_rate": 2.12, "sfca": 0.041, "medinc": 135450.0, "pct_poc": 0.1, "pct_poverty": 0.0, "priority": "High KSI + Low Access (not low income)" }, "geometry": { "type": "MultiPolygon", "coordinates": [ [ [ [ -71.058932, 42.281991 ], [ -71.057275, 42.282449 ], [ -71.056536, 42.282583 ], [ -71.056001, 42.282921 ], [ -71.054963, 42.285575 ], [ -71.054547, 42.286615 ], [ -71.055347, 42.288242 ], [ -71.052158, 42.289137 ], [ -71.051472, 42.289314 ], [ -71.04937, 42.288012 ], [ -71.048515, 42.286135 ], [ -71.04415, 42.286455 ], [ -71.043027, 42.285922 ], [ -71.041659, 42.285415 ], [ -71.03908, 42.283966 ], [ -71.039293, 42.283799 ], [ -71.040494, 42.281898 ], [ -71.041594, 42.278098 ], [ -71.042782, 42.277102 ], [ -71.04488, 42.276266 ], [ -71.049802, 42.2781 ], [ -71.053284, 42.277502 ], [ -71.053748, 42.277996 ], [ -71.054694, 42.28034 ], [ -71.058528, 42.280061 ], [ -71.058932, 42.281991 ] ] ] ] } },
{ "type": "Feature", "properties": { "GEOID": "25025120500", "NAME": "Census Tract 1205; Suffolk County; Massachusetts", "ksi_rate": 0.66, "sfca": 0.0884, "medinc": 157813.0, "pct_poc": 0.5, "pct_poverty": 0.2, "priority": "Baseline" }, "geometry": { "type": "MultiPolygon", "coordinates": [ [ [ [ -71.108452, 42.322389 ], [ -71.104867, 42.322721 ], [ -71.104016, 42.322819 ], [ -71.102465, 42.322919 ], [ -71.101744, 42.322892 ], [ -71.100023, 42.322772 ], [ -71.102944, 42.319298 ], [ -71.104475, 42.317022 ], [ -71.106673, 42.317268 ], [ -71.105795, 42.318404 ], [ -71.105131, 42.319278 ], [ -71.106788, 42.321156 ], [ -71.108452, 42.322389 ] ] ] ] } },
{ "type": "Feature", "properties": { "GEOID": "25025140102", "NAME": "Census Tract 1401.02; Suffolk County; Massachusetts", "ksi_rate": 0.62, "sfca": 0.1208, "medinc": 128673.0, "pct_poc": 0.7, "pct_poverty": 0.0, "priority": "Baseline" }, "geometry": { "type": "MultiPolygon", "coordinates": [ [ [ [ -71.146127, 42.252964 ], [ -71.143804, 42.254436 ], [ -71.142834, 42.255943 ], [ -71.140196, 42.258456 ], [ -71.138103, 42.255307 ], [ -71.139394, 42.252523 ], [ -71.139343, 42.249342 ], [ -71.136285, 42.246316 ], [ -71.135978, 42.246856 ], [ -71.132333, 42.24823 ], [ -71.136434, 42.249656 ], [ -71.13623, 42.251046 ], [ -71.133965, 42.254313 ], [ -71.132195, 42.253683 ], [ -71.130589, 42.251776 ], [ -71.130115, 42.251171 ], [ -71.128967, 42.249643 ], [ -71.128992, 42.247992 ], [ -71.129004, 42.245995 ], [ -71.131368, 42.240089 ], [ -71.132151, 42.239203 ], [ -71.133058, 42.239479 ], [ -71.133716, 42.239631 ], [ -71.135267, 42.238163 ], [ -71.13631, 42.23634 ], [ -71.139241, 42.23366 ], [ -71.142681, 42.235998 ], [ -71.143498, 42.240065 ], [ -71.144069, 42.242819 ], [ -71.146127, 42.252964 ] ] ] ] } },
{ "type": "Feature", "properties": { "GEOID": "25025051200", "NAME": "Census Tract 512; Suffolk County; Massachusetts", "ksi_rate": 0.0, "sfca": 0.0519, "medinc": 117194.0, "pct_poc": 0.3, "pct_poverty": 0.1, "priority": "Baseline" }, "geometry": { "type": "MultiPolygon", "coordinates": [ [ [ [ -71.03997, 42.367119 ], [ -71.038919, 42.368504 ], [ -71.038689, 42.368406 ], [ -71.039113, 42.366706 ], [ -71.036831, 42.365716 ], [ -71.035728, 42.367125 ], [ -71.034754, 42.36831 ], [ -71.033387, 42.367734 ], [ -71.0326, 42.368673 ], [ -71.03279, 42.368208 ], [ -71.028103, 42.365426 ], [ -71.026916, 42.363769 ], [ -71.029638, 42.363352 ], [ -71.037999, 42.363753 ], [ -71.041682169761501, 42.366487317728691 ], [ -71.03997, 42.367119 ] ] ] ] } },
{ "type": "Feature", "properties": { "GEOID": "25025061101", "NAME": "Census Tract 611.01; Suffolk County; Massachusetts", "ksi_rate": 0.0, "sfca": 0.1106, "medinc": 24318.0, "pct_poc": 0.7, "pct_poverty": 0.5, "priority": "Baseline" }, "geometry": { "type": "MultiPolygon", "coordinates": [ [ [ [ -71.056928, 42.328552 ], [ -71.052624, 42.328597 ], [ -71.052565, 42.327112 ], [ -71.052392, 42.322976 ], [ -71.052093, 42.321469 ], [ -71.052456, 42.321466 ], [ -71.052904, 42.32287 ], [ -71.05685, 42.326289 ], [ -71.056868, 42.326867 ], [ -71.056915, 42.328035 ], [ -71.056928, 42.328552 ] ] ] ] } },
{ "type": "Feature", "properties": { "GEOID": "25025071201", "NAME": "Census Tract 712.01; Suffolk County; Massachusetts", "ksi_rate": 3.89, "sfca": 0.1044, "medinc": 112540.0, "pct_poc": 0.6, "pct_poverty": 0.2, "priority": "High KSI Only" }, "geometry": { "type": "MultiPolygon", "coordinates": [ [ [ [ -71.071826, 42.340056 ], [ -71.072075, 42.341286 ], [ -71.070707, 42.34079 ], [ -71.068084, 42.342014 ], [ -71.06593, 42.343936 ], [ -71.064406, 42.343501 ], [ -71.062529, 42.343009 ], [ -71.062215, 42.342915 ], [ -71.06529, 42.337074 ], [ -71.065414, 42.335441 ], [ -71.067131, 42.335291 ], [ -71.068477, 42.335722 ], [ -71.069414, 42.336414 ], [ -71.068351, 42.337172 ], [ -71.070365, 42.338783 ], [ -71.070949, 42.338306 ], [ -71.072504, 42.339615 ], [ -71.071826, 42.340056 ] ] ] ] } },
{ "type": "Feature", "properties": { "GEOID": "25025080601", "NAME": "Census Tract 806.01; Suffolk County; Massachusetts", "ksi_rate": 1.37, "sfca": 0.1958, "medinc": 23693.0, "pct_poc": 0.6, "pct_poverty": 0.6, "priority": "Baseline" }, "geometry": { "type": "MultiPolygon", "coordinates": [ [ [ [ -71.094446, 42.332386 ], [ -71.090518, 42.335665 ], [ -71.084681, 42.340293 ], [ -71.084459, 42.340067 ], [ -71.081969, 42.338416 ], [ -71.083983, 42.33734 ], [ -71.088494, 42.334896 ], [ -71.087462, 42.334126 ], [ -71.085037, 42.332715 ], [ -71.085223, 42.3306 ], [ -71.085025, 42.330834 ], [ -71.082986, 42.330831 ], [ -71.083448, 42.32865 ], [ -71.085184, 42.328854 ], [ -71.086996, 42.327782 ], [ -71.087674, 42.327912 ], [ -71.091239, 42.329939 ], [ -71.091441, 42.330037 ], [ -71.088189, 42.330611 ], [ -71.090527, 42.331173 ], [ -71.093806, 42.331331 ], [ -71.0944, 42.331412 ], [ -71.095351, 42.331554 ], [ -71.094446, 42.332386 ] ] ] ] } },
{ "type": "Feature", "properties": { "GEOID": "25025092400", "NAME": "Census Tract 924; Suffolk County; Massachusetts", "ksi_rate": 1.11, "sfca": 0.0986, "medinc": 56528.0, "pct_poc": 1.0, "pct_poverty": 0.2, "priority": "Baseline" }, "geometry": { "type": "MultiPolygon", "coordinates": [ [ [ [ -71.09135, 42.296922 ], [ -71.089635, 42.297498 ], [ -71.086992, 42.298142 ], [ -71.085903, 42.301381 ], [ -71.084704, 42.300423 ], [ -71.083907, 42.299709 ], [ -71.08141, 42.299002 ], [ -71.08046, 42.296388 ], [ -71.079538, 42.296563 ], [ -71.078852, 42.296708 ], [ -71.078481, 42.294346 ], [ -71.078147, 42.292022 ], [ -71.080876, 42.292823 ], [ -71.082485, 42.293287 ], [ -71.087839, 42.294911 ], [ -71.087997, 42.294939 ], [ -71.088149, 42.294415 ], [ -71.089779, 42.292868 ], [ -71.093173, 42.294613 ], [ -71.09135, 42.296922 ] ] ] ] } },
{ "type": "Feature", "properties": { "GEOID": "25025070201", "NAME": "Census Tract 702.01; Suffolk County; Massachusetts", "ksi_rate": 1.46, "sfca": 0.1651, "medinc": 38393.0, "pct_poc": 0.5, "pct_poverty": 0.4, "priority": "Baseline" }, "geometry": { "type": "MultiPolygon", "coordinates": [ [ [ [ -71.066613, 42.348761 ], [ -71.066868, 42.350962 ], [ -71.067533, 42.352513 ], [ -71.064562, 42.352383 ], [ -71.062761, 42.351508 ], [ -71.06415, 42.348405 ], [ -71.064434, 42.347186 ], [ -71.066158, 42.347589 ], [ -71.068193, 42.347866 ], [ -71.066613, 42.348761 ] ] ] ] } },
{ "type": "Feature", "properties": { "GEOID": "25025000102", "NAME": "Census Tract 1.02; Suffolk County; Massachusetts", "ksi_rate": 4.97, "sfca": 0.1088, "medinc": 79000.0, "pct_poc": 0.4, "pct_poverty": 0.3, "priority": "High KSI Only" }, "geometry": { "type": "MultiPolygon", "coordinates": [ [ [ [ -71.160899, 42.358625 ], [ -71.153994, 42.359316 ], [ -71.148472, 42.360526 ], [ -71.144514, 42.362933 ], [ -71.139551, 42.363698 ], [ -71.135452, 42.364849 ], [ -71.135331, 42.363175 ], [ -71.136273, 42.360903 ], [ -71.136596, 42.360161 ], [ -71.136961, 42.359315 ], [ -71.137979, 42.357608 ], [ -71.139066, 42.353791 ], [ -71.140681, 42.354004 ], [ -71.144176, 42.354889 ], [ -71.149082, 42.356151 ], [ -71.153194, 42.357226 ], [ -71.153762, 42.357525 ], [ -71.154693, 42.358139 ], [ -71.160899, 42.358625 ] ] ] ] } },
{ "type": "Feature", "properties": { "GEOID": "25025000505", "NAME": "Census Tract 5.05; Suffolk County; Massachusetts", "ksi_rate": 2.62, "sfca": 0.0787, "medinc": 80556.0, "pct_poc": 0.4, "pct_poverty": 0.2, "priority": "High KSI + Low Access (not low income)" }, "geometry": { "type": "MultiPolygon", "coordinates": [ [ [ [ -71.144619, 42.340636 ], [ -71.141518, 42.342952 ], [ -71.141918, 42.343189 ], [ -71.143109, 42.343878 ], [ -71.141698, 42.34602 ], [ -71.139804, 42.345093 ], [ -71.138246, 42.344126 ], [ -71.137824, 42.343876 ], [ -71.138809, 42.343087 ], [ -71.139977, 42.34214 ], [ -71.141298, 42.34107 ], [ -71.141754, 42.340396 ], [ -71.144619, 42.340636 ] ] ] ] } },
{ "type": "Feature", "properties": { "GEOID": "25025000506", "NAME": "Census Tract 5.06; Suffolk County; Massachusetts", "ksi_rate": 0.0, "sfca": 0.0605, "medinc": 73403.0, "pct_poc": 0.4, "pct_poverty": 0.2, "priority": "Low Access + Low Income" }, "geometry": { "type": "MultiPolygon", "coordinates": [ [ [ [ -71.149839, 42.337665 ], [ -71.148847, 42.339358 ], [ -71.147571, 42.340611 ], [ -71.146311, 42.341419 ], [ -71.145923, 42.341897 ], [ -71.144358, 42.342526 ], [ -71.143109, 42.343878 ], [ -71.141918, 42.343189 ], [ -71.141518, 42.342952 ], [ -71.144619, 42.340636 ], [ -71.141754, 42.340396 ], [ -71.144212, 42.340022 ], [ -71.144779, 42.339657 ], [ -71.146215, 42.338632 ], [ -71.146156, 42.337442 ], [ -71.147266, 42.337201 ], [ -71.148701, 42.337267 ], [ -71.150309, 42.336842 ], [ -71.149839, 42.337665 ] ] ] ] } },
{ "type": "Feature", "properties": { "GEOID": "25025030301", "NAME": "Census Tract 303.01; Suffolk County; Massachusetts", "ksi_rate": 0.0, "sfca": 0.1637, "medinc": 132307.0, "pct_poc": 0.2, "pct_poverty": 0.1, "priority": "Baseline" }, "geometry": { "type": "MultiPolygon", "coordinates": [ [ [ [ -71.052809, 42.360915 ], [ -71.051, 42.362584 ], [ -71.051066, 42.363703 ], [ -71.051084, 42.363995 ], [ -71.050210217423896, 42.364236872291002 ], [ -71.050200365449498, 42.364096783807994 ], [ -71.049895643500406, 42.359763841594514 ], [ -71.049673, 42.356598 ], [ -71.0482832741435, 42.35601853970801 ], [ -71.049595, 42.354497 ], [ -71.05106, 42.355131 ], [ -71.050926, 42.357385 ], [ -71.051582, 42.358762 ], [ -71.051817, 42.359615 ], [ -71.052809, 42.360915 ] ] ] ] } },
{ "type": "Feature", "properties": { "GEOID": "25025070301", "NAME": "Census Tract 703.01; Suffolk County; Massachusetts", "ksi_rate": 0.0, "sfca": 0.109, "medinc": 204102.0, "pct_poc": 0.3, "pct_poverty": 0.1, "priority": "Baseline" }, "geometry": { "type": "MultiPolygon", "coordinates": [ [ [ [ -71.075253, 42.345884 ], [ -71.072692, 42.347931 ], [ -71.069111, 42.347945 ], [ -71.068193, 42.347866 ], [ -71.068503, 42.347602 ], [ -71.069855, 42.345266 ], [ -71.070205, 42.344864 ], [ -71.071584, 42.343976 ], [ -71.071863, 42.343833 ], [ -71.072746, 42.345657 ], [ -71.074872, 42.345105 ], [ -71.075253, 42.345884 ] ] ] ] } },
{ "type": "Feature", "properties": { "GEOID": "25025081302", "NAME": "Census Tract 813.02; Suffolk County; Massachusetts", "ksi_rate": 5.18, "sfca": 0.0805, "medinc": 29962.0, "pct_poc": 1.0, "pct_poverty": 0.3, "priority": "Priority: High KSI + Low Access + Low Income" }, "geometry": { "type": "MultiPolygon", "coordinates": [ [ [ [ -71.09862, 42.324196 ], [ -71.098398, 42.324934 ], [ -71.096523, 42.326202 ], [ -71.095398, 42.32325 ], [ -71.095108, 42.321923 ], [ -71.093146, 42.3208 ], [ -71.095305, 42.318825 ], [ -71.097086, 42.317028 ], [ -71.094274, 42.315634 ], [ -71.093559, 42.315515 ], [ -71.093821, 42.314541 ], [ -71.094088, 42.314142 ], [ -71.095145, 42.313282 ], [ -71.098308, 42.315789 ], [ -71.098412, 42.319572 ], [ -71.09862, 42.324196 ] ] ] ] } },
{ "type": "Feature", "properties": { "GEOID": "25025000804", "NAME": "Census Tract 8.04; Suffolk County; Massachusetts", "ksi_rate": 0.51, "sfca": 0.1779, "medinc": 81853.0, "pct_poc": 0.5, "pct_poverty": 0.2, "priority": "Baseline" }, "geometry": { "type": "MultiPolygon", "coordinates": [ [ [ [ -71.137979, 42.357608 ], [ -71.136961, 42.359315 ], [ -71.133303, 42.358581 ], [ -71.133083, 42.358556 ], [ -71.131488, 42.358595 ], [ -71.13083, 42.359024 ], [ -71.128879, 42.360368 ], [ -71.129768, 42.361072 ], [ -71.130417, 42.361957 ], [ -71.130218, 42.362694 ], [ -71.129755, 42.363198 ], [ -71.123039, 42.363751 ], [ -71.124675, 42.362466 ], [ -71.12318, 42.358998 ], [ -71.128027, 42.357261 ], [ -71.129718, 42.356654 ], [ -71.131396, 42.356105 ], [ -71.137341, 42.35359 ], [ -71.139066, 42.353791 ], [ -71.137979, 42.357608 ] ] ] ] } },
{ "type": "Feature", "properties": { "GEOID": "25025051101", "NAME": "Census Tract 511.01; Suffolk County; Massachusetts", "ksi_rate": 0.8, "sfca": 0.0833, "medinc": 80000.0, "pct_poc": 0.6, "pct_poverty": 0.2, "priority": "Baseline" }, "geometry": { "type": "MultiPolygon", "coordinates": [ [ [ [ -71.013395, 42.382899 ], [ -71.010149, 42.3851 ], [ -71.010842, 42.386132 ], [ -71.008046, 42.38712 ], [ -71.011829, 42.390088 ], [ -71.012662, 42.390976 ], [ -71.013048, 42.391468 ], [ -71.011609, 42.393493 ], [ -71.008579, 42.393387 ], [ -71.005972, 42.392821 ], [ -71.004015, 42.392589 ], [ -70.998723, 42.390881 ], [ -70.998233, 42.390266 ], [ -70.995047, 42.393566 ], [ -70.994454, 42.393316 ], [ -70.996729, 42.390291 ], [ -70.995347, 42.389362 ], [ -70.999388, 42.388331 ], [ -71.001105, 42.386965 ], [ -70.995808, 42.384498 ], [ -71.000018, 42.385629 ], [ -71.00076, 42.384512 ], [ -70.994634, 42.382711 ], [ -70.994648, 42.38115 ], [ -70.997994, 42.378197 ], [ -71.000206, 42.377754 ], [ -71.002914, 42.378534 ], [ -71.011268, 42.380653 ], [ -71.013395, 42.382899 ] ] ] ] } },
{ "type": "Feature", "properties": { "GEOID": "25025981000", "NAME": "Census Tract 9810; Suffolk County; Massachusetts", "ksi_rate": null, "sfca": 0.2196, "medinc": null, "pct_poc": 0.0, "pct_poverty": 0.0, "priority": "Baseline" }, "geometry": { "type": "MultiPolygon", "coordinates": [ [ [ [ -71.129332, 42.296362 ], [ -71.130068, 42.298184 ], [ -71.129622, 42.298529 ], [ -71.127925, 42.300157 ], [ -71.12625, 42.301799 ], [ -71.125816, 42.302322 ], [ -71.125399, 42.302878 ], [ -71.124992, 42.303489 ], [ -71.124672, 42.305194 ], [ -71.123084, 42.305163 ], [ -71.122084, 42.306534 ], [ -71.120783, 42.308359 ], [ -71.121671, 42.308656 ], [ -71.121463, 42.308685 ], [ -71.12025, 42.308347 ], [ -71.119566, 42.306432 ], [ -71.120002, 42.304567 ], [ -71.118796, 42.302996 ], [ -71.11696, 42.302186 ], [ -71.12002, 42.299817 ], [ -71.115434, 42.298903 ], [ -71.12016, 42.295952 ], [ -71.121294, 42.295199 ], [ -71.124217, 42.292581 ], [ -71.12618, 42.290089 ], [ -71.127735, 42.2913 ], [ -71.130463, 42.293156 ], [ -71.129332, 42.296362 ] ] ] ] } },
{ "type": "Feature", "properties": { "GEOID": "25025100100", "NAME": "Census Tract 1001; Suffolk County; Massachusetts", "ksi_rate": 0.82, "sfca": 0.0866, "medinc": 42269.0, "pct_poc": 1.0, "pct_poverty": 0.2, "priority": "Low Access + Low Income" }, "geometry": { "type": "MultiPolygon", "coordinates": [ [ [ [ -71.094542, 42.293021 ], [ -71.093173, 42.294613 ], [ -71.089779, 42.292868 ], [ -71.088149, 42.294415 ], [ -71.087997, 42.294939 ], [ -71.087839, 42.294911 ], [ -71.082485, 42.293287 ], [ -71.080876, 42.292823 ], [ -71.078147, 42.292022 ], [ -71.078199, 42.290774 ], [ -71.078537, 42.289335 ], [ -71.079187, 42.288137 ], [ -71.081252, 42.287794 ], [ -71.085775, 42.286774 ], [ -71.085991, 42.28673 ], [ -71.091106, 42.285564 ], [ -71.091569, 42.284214 ], [ -71.09286, 42.28513 ], [ -71.093887, 42.287668 ], [ -71.095759, 42.291973 ], [ -71.094542, 42.293021 ] ] ] ] } },
{ "type": "Feature", "properties": { "GEOID": "25025010206", "NAME": "Census Tract 102.06; Suffolk County; Massachusetts", "ksi_rate": 0.0, "sfca": 0.1196, "medinc": 60769.0, "pct_poc": 0.5, "pct_poverty": 0.3, "priority": "Baseline" }, "geometry": { "type": "MultiPolygon", "coordinates": [ [ [ [ -71.098115, 42.347637 ], [ -71.092871, 42.347643 ], [ -71.091944, 42.347629 ], [ -71.089636, 42.347644 ], [ -71.087916, 42.347461 ], [ -71.087758, 42.3473 ], [ -71.089264, 42.346887 ], [ -71.090902, 42.346544 ], [ -71.092044, 42.34685 ], [ -71.094303, 42.345577 ], [ -71.094451, 42.345189 ], [ -71.094644, 42.344549 ], [ -71.097412, 42.343694 ], [ -71.098955, 42.346815 ], [ -71.098115, 42.347637 ] ] ] ] } },
{ "type": "Feature", "properties": { "GEOID": "25025000805", "NAME": "Census Tract 8.05; Suffolk County; Massachusetts", "ksi_rate": 1.07, "sfca": 0.1341, "medinc": 53824.0, "pct_poc": 0.6, "pct_poverty": 0.3, "priority": "Baseline" }, "geometry": { "type": "MultiPolygon", "coordinates": [ [ [ [ -71.137341, 42.35359 ], [ -71.131396, 42.356105 ], [ -71.125088, 42.355236 ], [ -71.120729, 42.354615 ], [ -71.12126, 42.351872 ], [ -71.124236, 42.352242 ], [ -71.125024, 42.352236 ], [ -71.128344, 42.352604 ], [ -71.130167, 42.352828 ], [ -71.132106, 42.353061 ], [ -71.13456, 42.353352 ], [ -71.135801, 42.353497 ], [ -71.137341, 42.35359 ] ] ] ] } },
{ "type": "Feature", "properties": { "GEOID": "25025980900", "NAME": "Census Tract 9809; Suffolk County; Massachusetts", "ksi_rate": null, "sfca": 0.316, "medinc": null, "pct_poc": 0.2, "pct_poverty": 0.1, "priority": "Baseline" }, "geometry": { "type": "MultiPolygon", "coordinates": [ [ [ [ -71.190904, 42.283248 ], [ -71.178636, 42.294595 ], [ -71.17623, 42.293262 ], [ -71.171569, 42.287972 ], [ -71.172416, 42.285832 ], [ -71.171099, 42.28174 ], [ -71.171218, 42.279784 ], [ -71.175549, 42.280318 ], [ -71.177016, 42.280401 ], [ -71.177653, 42.280409 ], [ -71.185307, 42.279497 ], [ -71.18599, 42.279771 ], [ -71.188212, 42.280438 ], [ -71.190753, 42.28184 ], [ -71.191247, 42.282992 ], [ -71.190904, 42.283248 ] ] ] ] } },
{ "type": "Feature", "properties": { "GEOID": "25025981100", "NAME": "Census Tract 9811; Suffolk County; Massachusetts", "ksi_rate": null, "sfca": 0.0587, "medinc": null, "pct_poc": 0.6, "pct_poverty": null, "priority": "Baseline" }, "geometry": { "type": "MultiPolygon", "coordinates": [ [ [ [ -71.115368, 42.294572 ], [ -71.112075, 42.296178 ], [ -71.109596, 42.299098 ], [ -71.105517, 42.298831 ], [ -71.104661, 42.300271 ], [ -71.103291, 42.299806 ], [ -71.096402, 42.293235 ], [ -71.096181, 42.292886 ], [ -71.095759, 42.291973 ], [ -71.100114, 42.290291 ], [ -71.100331, 42.288073 ], [ -71.099707, 42.286437 ], [ -71.095058, 42.28744 ], [ -71.096316, 42.285818 ], [ -71.099632, 42.282336 ], [ -71.09845, 42.281698 ], [ -71.100542, 42.279606 ], [ -71.099503, 42.279119 ], [ -71.1037, 42.276747 ], [ -71.107526, 42.278302 ], [ -71.10858, 42.275395 ], [ -71.109191, 42.274363 ], [ -71.110374, 42.275065 ], [ -71.114188, 42.2771 ], [ -71.115342, 42.278039 ], [ -71.113431, 42.279941 ], [ -71.112232, 42.280214 ], [ -71.112183, 42.281936 ], [ -71.109428, 42.284652 ], [ -71.105401, 42.286718 ], [ -71.107947, 42.288616 ], [ -71.112628, 42.292191 ], [ -71.1134, 42.293118 ], [ -71.114, 42.29374 ], [ -71.115368, 42.294572 ] ] ] ] } },
{ "type": "Feature", "properties": { "GEOID": "25025100603", "NAME": "Census Tract 1006.03; Suffolk County; Massachusetts", "ksi_rate": 4.41, "sfca": 0.0252, "medinc": 140153.0, "pct_poc": 0.3, "pct_poverty": 0.1, "priority": "High KSI + Low Access (not low income)" }, "geometry": { "type": "MultiPolygon", "coordinates": [ [ [ [ -71.051472, 42.289314 ], [ -71.048418, 42.290058 ], [ -71.050633, 42.292782 ], [ -71.047986, 42.293079 ], [ -71.047456, 42.293594 ], [ -71.048293, 42.298315 ], [ -71.046786, 42.298107 ], [ -71.0437321577228, 42.292958275306098 ], [ -71.043697, 42.292899 ], [ -71.03988, 42.292455 ], [ -71.037974, 42.288675 ], [ -71.039306, 42.285495 ], [ -71.038127122892405, 42.284715047515995 ], [ -71.03908, 42.283966 ], [ -71.041659, 42.285415 ], [ -71.043027, 42.285922 ], [ -71.04415, 42.286455 ], [ -71.048515, 42.286135 ], [ -71.04937, 42.288012 ], [ -71.051472, 42.289314 ] ] ] ] } },
{ "type": "Feature", "properties": { "GEOID": "25025100500", "NAME": "Census Tract 1005; Suffolk County; Massachusetts", "ksi_rate": 0.43, "sfca": 0.0881, "medinc": 66944.0, "pct_poc": 0.8, "pct_poverty": 0.2, "priority": "Low Access + Low Income" }, "geometry": { "type": "MultiPolygon", "coordinates": [ [ [ [ -71.078199, 42.290774 ], [ -71.078147, 42.292022 ], [ -71.076105, 42.291424 ], [ -71.074145, 42.29084 ], [ -71.071996, 42.290217 ], [ -71.071602, 42.290218 ], [ -71.070779, 42.290148 ], [ -71.067578, 42.291426 ], [ -71.065544, 42.292043 ], [ -71.06459, 42.292347 ], [ -71.062259, 42.29301 ], [ -71.062611, 42.291809 ], [ -71.063796, 42.287492 ], [ -71.064303, 42.285699 ], [ -71.066696, 42.28513 ], [ -71.071177, 42.285348 ], [ -71.071541, 42.284497 ], [ -71.07227, 42.284631 ], [ -71.076631, 42.283775 ], [ -71.077085, 42.284425 ], [ -71.077813, 42.28799 ], [ -71.078537, 42.289335 ], [ -71.078199, 42.290774 ] ] ] ] } },
{ "type": "Feature", "properties": { "GEOID": "25025110607", "NAME": "Census Tract 1106.07; Suffolk County; Massachusetts", "ksi_rate": 0.0, "sfca": 0.154, "medinc": 155192.0, "pct_poc": 0.2, "pct_poverty": 0.0, "priority": "Baseline" }, "geometry": { "type": "MultiPolygon", "coordinates": [ [ [ [ -71.147746, 42.286654 ], [ -71.147322, 42.287412 ], [ -71.145124, 42.288114 ], [ -71.143052, 42.288604 ], [ -71.139746, 42.291299 ], [ -71.137305, 42.293356 ], [ -71.13601, 42.294429 ], [ -71.132978, 42.296829 ], [ -71.130068, 42.298184 ], [ -71.129332, 42.296362 ], [ -71.130463, 42.293156 ], [ -71.127735, 42.2913 ], [ -71.12618, 42.290089 ], [ -71.127139, 42.289161 ], [ -71.125965, 42.288482 ], [ -71.126312, 42.288149 ], [ -71.127045, 42.28746 ], [ -71.127659, 42.287057 ], [ -71.137424, 42.286251 ], [ -71.140547, 42.286135 ], [ -71.147775, 42.285995 ], [ -71.147746, 42.286654 ] ] ] ] } },
{ "type": "Feature", "properties": { "GEOID": "25025081900", "NAME": "Census Tract 819; Suffolk County; Massachusetts", "ksi_rate": 1.01, "sfca": 0.1286, "medinc": 70341.0, "pct_poc": 0.9, "pct_poverty": 0.2, "priority": "Baseline" }, "geometry": { "type": "MultiPolygon", "coordinates": [ [ [ [ -71.094088, 42.314142 ], [ -71.093821, 42.314541 ], [ -71.093559, 42.315515 ], [ -71.092964, 42.316751 ], [ -71.091619, 42.316997 ], [ -71.091294, 42.317605 ], [ -71.090238, 42.319213 ], [ -71.086225, 42.318237 ], [ -71.086017, 42.319164 ], [ -71.081917, 42.318021 ], [ -71.082367, 42.317233 ], [ -71.08285, 42.316362 ], [ -71.084582, 42.316792 ], [ -71.086508, 42.317053 ], [ -71.086903, 42.316392 ], [ -71.088331, 42.31461 ], [ -71.089399, 42.313257 ], [ -71.08993, 42.312629 ], [ -71.092172, 42.309859 ], [ -71.093132, 42.31072 ], [ -71.093603, 42.31215 ], [ -71.095145, 42.313282 ], [ -71.094088, 42.314142 ] ] ] ] } },
{ "type": "Feature", "properties": { "GEOID": "25025091500", "NAME": "Census Tract 915; Suffolk County; Massachusetts", "ksi_rate": 1.39, "sfca": 0.0792, "medinc": 62717.0, "pct_poc": 0.8, "pct_poverty": 0.3, "priority": "Low Access + Low Income" }, "geometry": { "type": "MultiPolygon", "coordinates": [ [ [ [ -71.06972, 42.311639 ], [ -71.068499, 42.312726 ], [ -71.067429, 42.314603 ], [ -71.06564, 42.314849 ], [ -71.064602, 42.314769 ], [ -71.064213, 42.314105 ], [ -71.063259, 42.313688 ], [ -71.062372, 42.313332 ], [ -71.060313, 42.312803 ], [ -71.058881, 42.312771 ], [ -71.059379, 42.311039 ], [ -71.059574, 42.310551 ], [ -71.060746, 42.310205 ], [ -71.061387, 42.308742 ], [ -71.063907, 42.308347 ], [ -71.06503, 42.30808 ], [ -71.066298, 42.309163 ], [ -71.068416, 42.31066 ], [ -71.070217, 42.311334 ], [ -71.06972, 42.311639 ] ] ] ] } },
{ "type": "Feature", "properties": { "GEOID": "25025981300", "NAME": "Census Tract 9813; Suffolk County; Massachusetts", "ksi_rate": null, "sfca": 2.9517, "medinc": 250001.0, "pct_poc": 0.5, "pct_poverty": 0.0, "priority": "Baseline" }, "geometry": { "type": "MultiPolygon", "coordinates": [ [ [ [ -71.0326, 42.368673 ], [ -71.031204, 42.370181 ], [ -71.030359, 42.370173 ], [ -71.028088, 42.36912 ], [ -71.030275, 42.373935 ], [ -71.032102, 42.373495 ], [ -71.027727, 42.377211 ], [ -71.025128, 42.379753 ], [ -71.021562, 42.380143 ], [ -71.016008, 42.380919 ], [ -71.013472, 42.379547 ], [ -71.013454, 42.380871 ], [ -71.011268, 42.380653 ], [ -71.002914, 42.378534 ], [ -71.000206, 42.377754 ], [ -70.997994, 42.378197 ], [ -70.993811, 42.377122 ], [ -70.996192, 42.376202 ], [ -70.997853130730107, 42.372634267942509 ], [ -71.00024, 42.372418 ], [ -71.002822, 42.365945 ], [ -71.001619995910104, 42.364677042324892 ], [ -70.997719, 42.360562 ], [ -70.988035, 42.36188 ], [ -70.985885271333402, 42.359061150490199 ], [ -70.985317, 42.358316 ], [ -70.985739596391298, 42.357934535126091 ], [ -70.98955, 42.354495 ], [ -70.994337, 42.353909 ], [ -70.999577, 42.356408 ], [ -71.003741, 42.356037 ], [ -71.005579, 42.347362 ], [ -71.007807, 42.347145 ], [ -71.0277, 42.358625 ], [ -71.026351, 42.361819 ], [ -71.026462852430498, 42.362205039361925 ], [ -71.026916, 42.363769 ], [ -71.028103, 42.365426 ], [ -71.03279, 42.368208 ], [ -71.0326, 42.368673 ] ] ] ] } },
{ "type": "Feature", "properties": { "GEOID": "25025090100", "NAME": "Census Tract 901; Suffolk County; Massachusetts", "ksi_rate": 1.81, "sfca": 0.1234, "medinc": 37198.0, "pct_poc": 0.9, "pct_poverty": 0.3, "priority": "Baseline" }, "geometry": { "type": "MultiPolygon", "coordinates": [ [ [ [ -71.085246, 42.303446 ], [ -71.084923, 42.304428 ], [ -71.084299, 42.307015 ], [ -71.083898, 42.30759 ], [ -71.083254, 42.308469 ], [ -71.081634, 42.306343 ], [ -71.080563, 42.30544 ], [ -71.079561, 42.304622 ], [ -71.07894, 42.303937 ], [ -71.078534, 42.303388 ], [ -71.078425, 42.303227 ], [ -71.079217, 42.301191 ], [ -71.078852, 42.296708 ], [ -71.079538, 42.296563 ], [ -71.08046, 42.296388 ], [ -71.08141, 42.299002 ], [ -71.083907, 42.299709 ], [ -71.084704, 42.300423 ], [ -71.085903, 42.301381 ], [ -71.085246, 42.303446 ] ] ] ] } },
{ "type": "Feature", "properties": { "GEOID": "25025080300", "NAME": "Census Tract 803; Suffolk County; Massachusetts", "ksi_rate": 0.81, "sfca": 0.1888, "medinc": 41474.0, "pct_poc": 0.9, "pct_poverty": 0.3, "priority": "Baseline" }, "geometry": { "type": "MultiPolygon", "coordinates": [ [ [ [ -71.083448, 42.32865 ], [ -71.081521, 42.328486 ], [ -71.080891, 42.328497 ], [ -71.079264, 42.328514 ], [ -71.078675, 42.330135 ], [ -71.077472, 42.330898 ], [ -71.07499, 42.329075 ], [ -71.075248, 42.325965 ], [ -71.076624, 42.327118 ], [ -71.07818, 42.325885 ], [ -71.078654, 42.324867 ], [ -71.0796, 42.324161 ], [ -71.081605, 42.325549 ], [ -71.083308, 42.325959 ], [ -71.08327, 42.326127 ], [ -71.08311, 42.32812 ], [ -71.083448, 42.32865 ] ] ] ] } },
{ "type": "Feature", "properties": { "GEOID": "25025130200", "NAME": "Census Tract 1302; Suffolk County; Massachusetts", "ksi_rate": 1.11, "sfca": 0.1139, "medinc": 154464.0, "pct_poc": 0.2, "pct_poverty": 0.0, "priority": "Baseline" }, "geometry": { "type": "MultiPolygon", "coordinates": [ [ [ [ -71.167734, 42.28586 ], [ -71.165318, 42.287479 ], [ -71.163971, 42.288311 ], [ -71.160629, 42.291585 ], [ -71.158683, 42.291845 ], [ -71.156177, 42.29171 ], [ -71.155656, 42.292108 ], [ -71.154309, 42.292974 ], [ -71.153486, 42.293265 ], [ -71.151439, 42.292869 ], [ -71.149376, 42.293096 ], [ -71.148085, 42.290973 ], [ -71.147059, 42.29013 ], [ -71.145495, 42.288805 ], [ -71.145124, 42.288114 ], [ -71.147322, 42.287412 ], [ -71.147746, 42.286654 ], [ -71.148686, 42.287152 ], [ -71.150071, 42.28729 ], [ -71.149901, 42.286762 ], [ -71.154983, 42.284355 ], [ -71.156374, 42.283563 ], [ -71.158894, 42.282141 ], [ -71.159808, 42.28152 ], [ -71.161148, 42.280341 ], [ -71.161901, 42.279768 ], [ -71.16605, 42.283241 ], [ -71.167734, 42.28586 ] ] ] ] } },
{ "type": "Feature", "properties": { "GEOID": "25025060101", "NAME": "Census Tract 601.01; Suffolk County; Massachusetts", "ksi_rate": 0.0, "sfca": 0.0767, "medinc": 167250.0, "pct_poc": 0.1, "pct_poverty": 0.0, "priority": "Baseline" }, "geometry": { "type": "MultiPolygon", "coordinates": [ [ [ [ -71.031283, 42.334832 ], [ -71.029234, 42.335729 ], [ -71.029317, 42.338238 ], [ -71.025133, 42.33831 ], [ -71.025071, 42.335802 ], [ -71.025026, 42.334095 ], [ -71.025009, 42.333281 ], [ -71.028074, 42.332057 ], [ -71.031143, 42.330653 ], [ -71.031191, 42.33236 ], [ -71.031226, 42.333186 ], [ -71.031254, 42.334002 ], [ -71.031283, 42.334832 ] ] ] ] } },
{ "type": "Feature", "properties": { "GEOID": "25025081001", "NAME": "Census Tract 810.01; Suffolk County; Massachusetts", "ksi_rate": 1.27, "sfca": 0.131, "medinc": 48022.0, "pct_poc": 0.6, "pct_poverty": 0.4, "priority": "Baseline" }, "geometry": { "type": "MultiPolygon", "coordinates": [ [ [ [ -71.113016, 42.331932 ], [ -71.109894, 42.335379 ], [ -71.110063, 42.336307 ], [ -71.110697, 42.337183 ], [ -71.110001, 42.340317 ], [ -71.10539, 42.33786 ], [ -71.100935, 42.336168 ], [ -71.100306, 42.335941 ], [ -71.102427, 42.335149 ], [ -71.10491, 42.33419 ], [ -71.105605, 42.332406 ], [ -71.105169, 42.331012 ], [ -71.103081, 42.330528 ], [ -71.102293, 42.330354 ], [ -71.100861, 42.330002 ], [ -71.098941, 42.329133 ], [ -71.099368, 42.327995 ], [ -71.101276, 42.32935 ], [ -71.106264, 42.330616 ], [ -71.108501, 42.330597 ], [ -71.108901, 42.330715 ], [ -71.109561, 42.330967 ], [ -71.109591, 42.333199 ], [ -71.110239, 42.333044 ], [ -71.112298, 42.332003 ], [ -71.113016, 42.331932 ] ] ] ] } },
{ "type": "Feature", "properties": { "GEOID": "25025092200", "NAME": "Census Tract 922; Suffolk County; Massachusetts", "ksi_rate": 0.92, "sfca": 0.095, "medinc": 107273.0, "pct_poc": 0.7, "pct_poverty": 0.1, "priority": "Baseline" }, "geometry": { "type": "MultiPolygon", "coordinates": [ [ [ [ -71.072117, 42.295513 ], [ -71.070249, 42.295996 ], [ -71.066413, 42.297022 ], [ -71.065538, 42.298313 ], [ -71.06432, 42.299205 ], [ -71.063426, 42.299588 ], [ -71.060163, 42.300302 ], [ -71.060653, 42.298647 ], [ -71.061371, 42.296066 ], [ -71.062259, 42.29301 ], [ -71.06459, 42.292347 ], [ -71.065544, 42.292043 ], [ -71.067578, 42.291426 ], [ -71.070779, 42.290148 ], [ -71.071602, 42.290218 ], [ -71.071769, 42.292298 ], [ -71.071913, 42.293933 ], [ -71.072117, 42.295513 ] ] ] ] } },
{ "type": "Feature", "properties": { "GEOID": "25025030302", "NAME": "Census Tract 303.02; Suffolk County; Massachusetts", "ksi_rate": 8.43, "sfca": 0.1505, "medinc": 146154.0, "pct_poc": 0.4, "pct_poverty": 0.2, "priority": "High KSI Only" }, "geometry": { "type": "MultiPolygon", "coordinates": [ [ [ [ -71.062911, 42.361229 ], [ -71.062195, 42.362258 ], [ -71.058958, 42.363385 ], [ -71.058433, 42.364641 ], [ -71.056972, 42.363208 ], [ -71.056381, 42.362884 ], [ -71.054925, 42.362046 ], [ -71.052967, 42.361029 ], [ -71.052809, 42.360915 ], [ -71.051817, 42.359615 ], [ -71.051582, 42.358762 ], [ -71.055759, 42.356913 ], [ -71.05771, 42.356777 ], [ -71.058737, 42.356988 ], [ -71.05829, 42.35741 ], [ -71.062642, 42.357977 ], [ -71.062817, 42.358665 ], [ -71.062911, 42.361229 ] ] ] ] } },
{ "type": "Feature", "properties": { "GEOID": "25025070104", "NAME": "Census Tract 701.04; Suffolk County; Massachusetts", "ksi_rate": 8.98, "sfca": 0.2292, "medinc": 214097.0, "pct_poc": 0.3, "pct_poverty": 0.2, "priority": "High KSI Only" }, "geometry": { "type": "MultiPolygon", "coordinates": [ [ [ [ -71.062516, 42.35328 ], [ -71.061697, 42.354364 ], [ -71.058737, 42.356988 ], [ -71.05771, 42.356777 ], [ -71.055759, 42.356913 ], [ -71.051582, 42.358762 ], [ -71.050926, 42.357385 ], [ -71.05106, 42.355131 ], [ -71.049595, 42.354497 ], [ -71.050039, 42.353855 ], [ -71.052188, 42.351121 ], [ -71.054788, 42.346871 ], [ -71.05647, 42.346111 ], [ -71.058143, 42.345647 ], [ -71.05964, 42.34486 ], [ -71.060609, 42.343718 ], [ -71.061716, 42.343964 ], [ -71.060911, 42.345709 ], [ -71.060705, 42.346253 ], [ -71.058789, 42.346157 ], [ -71.057485, 42.347658 ], [ -71.059387, 42.348681 ], [ -71.059508, 42.351149 ], [ -71.058009, 42.35235 ], [ -71.059828, 42.352548 ], [ -71.061051, 42.352516 ], [ -71.062575, 42.352399 ], [ -71.062516, 42.35328 ] ] ] ] } },
{ "type": "Feature", "properties": { "GEOID": "25025010408", "NAME": "Census Tract 104.08; Suffolk County; Massachusetts", "ksi_rate": 0.0, "sfca": 0.1427, "medinc": 75658.0, "pct_poc": 0.4, "pct_poverty": 0.3, "priority": "Baseline" }, "geometry": { "type": "MultiPolygon", "coordinates": [ [ [ [ -71.097412, 42.343694 ], [ -71.094644, 42.344549 ], [ -71.094611, 42.34294 ], [ -71.096493, 42.341843 ], [ -71.097412, 42.343694 ] ] ] ] } },
{ "type": "Feature", "properties": { "GEOID": "25025981800", "NAME": "Census Tract 9818; Suffolk County; Massachusetts", "ksi_rate": null, "sfca": 0.1026, "medinc": null, "pct_poc": 0.5, "pct_poverty": 0.0, "priority": "Baseline" }, "geometry": { "type": "MultiPolygon", "coordinates": [ [ [ [ -71.12572, 42.318427 ], [ -71.119817, 42.321579 ], [ -71.119515, 42.322055 ], [ -71.119539, 42.322745 ], [ -71.116537, 42.323939 ], [ -71.115929, 42.325855 ], [ -71.115563, 42.32678 ], [ -71.114547, 42.328372 ], [ -71.113088, 42.332604 ], [ -71.111413, 42.334525 ], [ -71.110808, 42.335586 ], [ -71.110751, 42.336168 ], [ -71.111551, 42.337299 ], [ -71.110597, 42.340405 ], [ -71.108225, 42.342272 ], [ -71.105516, 42.343812 ], [ -71.104344, 42.344169 ], [ -71.104307, 42.344082 ], [ -71.102519, 42.343375 ], [ -71.101823, 42.342503 ], [ -71.099062, 42.34061 ], [ -71.098408, 42.340791 ], [ -71.096493, 42.341843 ], [ -71.094611, 42.34294 ], [ -71.094644, 42.344549 ], [ -71.094451, 42.345189 ], [ -71.094303, 42.345577 ], [ -71.092044, 42.34685 ], [ -71.090902, 42.346544 ], [ -71.090844, 42.344077 ], [ -71.092205, 42.341335 ], [ -71.093217, 42.340889 ], [ -71.09621, 42.339827 ], [ -71.096885, 42.339026 ], [ -71.098988, 42.339095 ], [ -71.100603, 42.340204 ], [ -71.103275, 42.342741 ], [ -71.104722, 42.343371 ], [ -71.110001, 42.340317 ], [ -71.110697, 42.337183 ], [ -71.110063, 42.336307 ], [ -71.109894, 42.335379 ], [ -71.113016, 42.331932 ], [ -71.113147, 42.331319 ], [ -71.112284, 42.329808 ], [ -71.112828, 42.325876 ], [ -71.115078, 42.323573 ], [ -71.116737, 42.322627 ], [ -71.11657, 42.321021 ], [ -71.117107, 42.319978 ], [ -71.116468, 42.318583 ], [ -71.116736, 42.317636 ], [ -71.117003, 42.315579 ], [ -71.1185, 42.314498 ], [ -71.121007, 42.31316 ], [ -71.121905, 42.312907 ], [ -71.124431, 42.317297 ], [ -71.12572, 42.318427 ] ] ] ] } },
{ "type": "Feature", "properties": { "GEOID": "25025040300", "NAME": "Census Tract 403; Suffolk County; Massachusetts", "ksi_rate": 0.0, "sfca": 0.0563, "medinc": 184879.0, "pct_poc": 0.2, "pct_poverty": 0.0, "priority": "Baseline" }, "geometry": { "type": "MultiPolygon", "coordinates": [ [ [ [ -71.067928, 42.380498 ], [ -71.06494, 42.379316 ], [ -71.065339, 42.380298 ], [ -71.064195, 42.381867 ], [ -71.062356, 42.381102 ], [ -71.061596, 42.380789 ], [ -71.06139, 42.380696 ], [ -71.058956, 42.379668 ], [ -71.05989, 42.378061 ], [ -71.060492, 42.376923 ], [ -71.061235, 42.377154 ], [ -71.061873, 42.375951 ], [ -71.063092, 42.374689 ], [ -71.064259, 42.376844 ], [ -71.06497, 42.377305 ], [ -71.065503, 42.377791 ], [ -71.067827, 42.378206 ], [ -71.069106, 42.37941 ], [ -71.067928, 42.380498 ] ] ] ] } },
{ "type": "Feature", "properties": { "GEOID": "25025140202", "NAME": "Census Tract 1402.02; Suffolk County; Massachusetts", "ksi_rate": 0.84, "sfca": 0.0915, "medinc": 111910.0, "pct_poc": 0.7, "pct_poverty": 0.0, "priority": "Baseline" }, "geometry": { "type": "MultiPolygon", "coordinates": [ [ [ [ -71.126233, 42.242667 ], [ -71.126066, 42.245479 ], [ -71.12541, 42.246866 ], [ -71.124843, 42.247607 ], [ -71.122439, 42.250058 ], [ -71.122839, 42.250485 ], [ -71.122884, 42.251849 ], [ -71.12063, 42.252113 ], [ -71.118894, 42.253161 ], [ -71.1184, 42.253924 ], [ -71.115465, 42.256873 ], [ -71.114246, 42.258162 ], [ -71.11326, 42.258926 ], [ -71.113009, 42.258689 ], [ -71.112392, 42.258116 ], [ -71.109544, 42.255412 ], [ -71.109465, 42.25241 ], [ -71.109347, 42.24799 ], [ -71.112057, 42.246585 ], [ -71.114563, 42.245284 ], [ -71.116529, 42.244274 ], [ -71.12567, 42.239527 ], [ -71.126184, 42.241615 ], [ -71.126233, 42.242667 ] ] ] ] } },
{ "type": "Feature", "properties": { "GEOID": "25025080100", "NAME": "Census Tract 801; Suffolk County; Massachusetts", "ksi_rate": 10.93, "sfca": 0.1748, "medinc": 58000.0, "pct_poc": 0.7, "pct_poverty": 0.3, "priority": "High KSI Only" }, "geometry": { "type": "MultiPolygon", "coordinates": [ [ [ [ -71.078654, 42.324867 ], [ -71.07818, 42.325885 ], [ -71.076624, 42.327118 ], [ -71.075248, 42.325965 ], [ -71.07499, 42.329075 ], [ -71.077472, 42.330898 ], [ -71.074357, 42.332847 ], [ -71.07337, 42.33361 ], [ -71.072152, 42.332727 ], [ -71.067131, 42.335291 ], [ -71.065414, 42.335441 ], [ -71.064613, 42.334009 ], [ -71.062798, 42.331973 ], [ -71.063553, 42.330791 ], [ -71.066655, 42.325845 ], [ -71.067507, 42.323297 ], [ -71.071479, 42.326687 ], [ -71.07266, 42.326023 ], [ -71.071638, 42.324647 ], [ -71.073922, 42.323759 ], [ -71.074641, 42.323238 ], [ -71.075811, 42.324146 ], [ -71.076664, 42.322889 ], [ -71.077516, 42.323261 ], [ -71.0796, 42.324161 ], [ -71.078654, 42.324867 ] ] ] ] } },
{ "type": "Feature", "properties": { "GEOID": "25025000703", "NAME": "Census Tract 7.03; Suffolk County; Massachusetts", "ksi_rate": 0.97, "sfca": 0.0992, "medinc": 46985.0, "pct_poc": 0.4, "pct_poverty": 0.4, "priority": "Baseline" }, "geometry": { "type": "MultiPolygon", "coordinates": [ [ [ [ -71.132106, 42.353061 ], [ -71.130167, 42.352828 ], [ -71.128344, 42.352604 ], [ -71.125024, 42.352236 ], [ -71.124236, 42.352242 ], [ -71.12126, 42.351872 ], [ -71.121311, 42.351675 ], [ -71.122855, 42.351861 ], [ -71.123518, 42.351486 ], [ -71.124067, 42.351552 ], [ -71.126215, 42.350412 ], [ -71.12858, 42.349696 ], [ -71.129746, 42.34885 ], [ -71.130033, 42.349218 ], [ -71.130868, 42.350136 ], [ -71.131071, 42.350499 ], [ -71.131447, 42.351154 ], [ -71.132106, 42.353061 ] ] ] ] } },
{ "type": "Feature", "properties": { "GEOID": "25025110601", "NAME": "Census Tract 1106.01; Suffolk County; Massachusetts", "ksi_rate": 1.65, "sfca": 0.0652, "medinc": 140000.0, "pct_poc": 0.2, "pct_poverty": 0.0, "priority": "Baseline" }, "geometry": { "type": "MultiPolygon", "coordinates": [ [ [ [ -71.1503, 42.29553 ], [ -71.146883, 42.29728 ], [ -71.140135, 42.302147 ], [ -71.136917, 42.301189 ], [ -71.134866, 42.301723 ], [ -71.130904, 42.301275 ], [ -71.127925, 42.300157 ], [ -71.129622, 42.298529 ], [ -71.130068, 42.298184 ], [ -71.132978, 42.296829 ], [ -71.13601, 42.294429 ], [ -71.137305, 42.293356 ], [ -71.139746, 42.291299 ], [ -71.143052, 42.288604 ], [ -71.145124, 42.288114 ], [ -71.145495, 42.288805 ], [ -71.147059, 42.29013 ], [ -71.148085, 42.290973 ], [ -71.149376, 42.293096 ], [ -71.1503, 42.29553 ] ] ] ] } },
{ "type": "Feature", "properties": { "GEOID": "25025000604", "NAME": "Census Tract 6.04; Suffolk County; Massachusetts", "ksi_rate": 1.35, "sfca": 0.1129, "medinc": 60060.0, "pct_poc": 0.5, "pct_poverty": 0.4, "priority": "Baseline" }, "geometry": { "type": "MultiPolygon", "coordinates": [ [ [ [ -71.145612, 42.350786 ], [ -71.143981, 42.351433 ], [ -71.140266, 42.352543 ], [ -71.137341, 42.35359 ], [ -71.135801, 42.353497 ], [ -71.13456, 42.353352 ], [ -71.135644, 42.351695 ], [ -71.136379, 42.350393 ], [ -71.13758, 42.348649 ], [ -71.139731, 42.348977 ], [ -71.140366, 42.348686 ], [ -71.141654, 42.349273 ], [ -71.147079, 42.350165 ], [ -71.145612, 42.350786 ] ] ] ] } },
{ "type": "Feature", "properties": { "GEOID": "25025020305", "NAME": "Census Tract 203.05; Suffolk County; Massachusetts", "ksi_rate": 2.37, "sfca": 0.0906, "medinc": 143333.0, "pct_poc": 0.4, "pct_poverty": 0.1, "priority": "High KSI + Low Access (not low income)" }, "geometry": { "type": "MultiPolygon", "coordinates": [ [ [ [ -71.069478, 42.369046 ], [ -71.064059, 42.369001 ], [ -71.062994, 42.368391 ], [ -71.059795, 42.368767 ], [ -71.058525, 42.366952 ], [ -71.060673, 42.365777 ], [ -71.062941, 42.364547 ], [ -71.063388, 42.364193 ], [ -71.063716, 42.362198 ], [ -71.065134, 42.362404 ], [ -71.065368, 42.364831 ], [ -71.068696, 42.365486 ], [ -71.067606, 42.366426 ], [ -71.067339, 42.366484 ], [ -71.068431, 42.367037 ], [ -71.070575, 42.368015 ], [ -71.069478, 42.369046 ] ] ] ] } },
{ "type": "Feature", "properties": { "GEOID": "25025081101", "NAME": "Census Tract 811.01; Suffolk County; Massachusetts", "ksi_rate": 1.07, "sfca": 0.0893, "medinc": 82568.0, "pct_poc": 0.5, "pct_poverty": 0.1, "priority": "Baseline" }, "geometry": { "type": "MultiPolygon", "coordinates": [ [ [ [ -71.115078, 42.323573 ], [ -71.112828, 42.325876 ], [ -71.112284, 42.329808 ], [ -71.113147, 42.331319 ], [ -71.113016, 42.331932 ], [ -71.112298, 42.332003 ], [ -71.111297, 42.330066 ], [ -71.110832, 42.329073 ], [ -71.112259, 42.324552 ], [ -71.112202, 42.323125 ], [ -71.114098, 42.323307 ], [ -71.115078, 42.323573 ] ] ] ] } },
{ "type": "Feature", "properties": { "GEOID": "25025101101", "NAME": "Census Tract 1011.01; Suffolk County; Massachusetts", "ksi_rate": 3.22, "sfca": 0.0697, "medinc": 75357.0, "pct_poc": 1.0, "pct_poverty": 0.2, "priority": "High KSI + Low Access (not low income)" }, "geometry": { "type": "MultiPolygon", "coordinates": [ [ [ [ -71.100114, 42.290291 ], [ -71.095759, 42.291973 ], [ -71.093887, 42.287668 ], [ -71.09286, 42.28513 ], [ -71.091569, 42.284214 ], [ -71.091807, 42.283523 ], [ -71.092109, 42.282601 ], [ -71.092968, 42.280021 ], [ -71.093182, 42.279386 ], [ -71.09349, 42.278421 ], [ -71.093576, 42.277248 ], [ -71.094976, 42.278239 ], [ -71.097928, 42.281262 ], [ -71.09845, 42.281698 ], [ -71.099632, 42.282336 ], [ -71.096316, 42.285818 ], [ -71.095058, 42.28744 ], [ -71.099707, 42.286437 ], [ -71.100331, 42.288073 ], [ -71.100114, 42.290291 ] ] ] ] } },
{ "type": "Feature", "properties": { "GEOID": "25025140300", "NAME": "Census Tract 1403; Suffolk County; Massachusetts", "ksi_rate": 0.46, "sfca": 0.1029, "medinc": 93225.0, "pct_poc": 0.9, "pct_poverty": 0.1, "priority": "Baseline" }, "geometry": { "type": "MultiPolygon", "coordinates": [ [ [ [ -71.130115, 42.251171 ], [ -71.128219, 42.252341 ], [ -71.127157, 42.253834 ], [ -71.126018, 42.254666 ], [ -71.125592, 42.255613 ], [ -71.125307, 42.255653 ], [ -71.124708, 42.257227 ], [ -71.123565, 42.262206 ], [ -71.12331, 42.263508 ], [ -71.122036, 42.262921 ], [ -71.118957, 42.261923 ], [ -71.11788, 42.264024 ], [ -71.117999, 42.26458 ], [ -71.11827, 42.266595 ], [ -71.116427, 42.267112 ], [ -71.110995, 42.269039 ], [ -71.111622, 42.267359 ], [ -71.110828, 42.266065 ], [ -71.10842, 42.262591 ], [ -71.107743, 42.262975 ], [ -71.106903, 42.261928 ], [ -71.108405, 42.261116 ], [ -71.11146, 42.260769 ], [ -71.11326, 42.258926 ], [ -71.114246, 42.258162 ], [ -71.115465, 42.256873 ], [ -71.1184, 42.253924 ], [ -71.118894, 42.253161 ], [ -71.12063, 42.252113 ], [ -71.122884, 42.251849 ], [ -71.125505, 42.247954 ], [ -71.128433, 42.249173 ], [ -71.128992, 42.247992 ], [ -71.128967, 42.249643 ], [ -71.130115, 42.251171 ] ] ] ] } },
{ "type": "Feature", "properties": { "GEOID": "25025110301", "NAME": "Census Tract 1103.01; Suffolk County; Massachusetts", "ksi_rate": 1.26, "sfca": 0.1509, "medinc": 107450.0, "pct_poc": 0.6, "pct_poverty": 0.1, "priority": "Baseline" }, "geometry": { "type": "MultiPolygon", "coordinates": [ [ [ [ -71.119282, 42.290235 ], [ -71.11726, 42.289864 ], [ -71.116587, 42.289111 ], [ -71.114402, 42.290649 ], [ -71.114432, 42.291572 ], [ -71.1139, 42.292482 ], [ -71.1134, 42.293118 ], [ -71.112628, 42.292191 ], [ -71.107947, 42.288616 ], [ -71.105401, 42.286718 ], [ -71.109428, 42.284652 ], [ -71.112183, 42.281936 ], [ -71.112232, 42.280214 ], [ -71.118909, 42.28496 ], [ -71.118817, 42.285501 ], [ -71.119549, 42.285511 ], [ -71.119282, 42.290235 ] ] ] ] } },
{ "type": "Feature", "properties": { "GEOID": "25025130300", "NAME": "Census Tract 1303; Suffolk County; Massachusetts", "ksi_rate": 0.76, "sfca": 0.1244, "medinc": 165000.0, "pct_poc": 0.2, "pct_poverty": 0.0, "priority": "Baseline" }, "geometry": { "type": "MultiPolygon", "coordinates": [ [ [ [ -71.161148, 42.280341 ], [ -71.159808, 42.28152 ], [ -71.158894, 42.282141 ], [ -71.156374, 42.283563 ], [ -71.154983, 42.284355 ], [ -71.149901, 42.286762 ], [ -71.150071, 42.28729 ], [ -71.148686, 42.287152 ], [ -71.147746, 42.286654 ], [ -71.147775, 42.285995 ], [ -71.147504, 42.284177 ], [ -71.147025, 42.283278 ], [ -71.145519, 42.281804 ], [ -71.143956, 42.280502 ], [ -71.142569, 42.277379 ], [ -71.145231, 42.276332 ], [ -71.145705, 42.27505 ], [ -71.143664, 42.272847 ], [ -71.147289, 42.269994 ], [ -71.149893, 42.272228 ], [ -71.150778, 42.273551 ], [ -71.153504, 42.275976 ], [ -71.156772, 42.277048 ], [ -71.159434, 42.278834 ], [ -71.161006, 42.280057 ], [ -71.161148, 42.280341 ] ] ] ] } },
{ "type": "Feature", "properties": { "GEOID": "25025010801", "NAME": "Census Tract 108.01; Suffolk County; Massachusetts", "ksi_rate": 1.25, "sfca": 0.0756, "medinc": 159141.0, "pct_poc": 0.2, "pct_poverty": 0.1, "priority": "Baseline" }, "geometry": { "type": "MultiPolygon", "coordinates": [ [ [ [ -71.081595, 42.353704 ], [ -71.079464, 42.354275 ], [ -71.077357, 42.354938 ], [ -71.075219, 42.355507 ], [ -71.073464, 42.356121 ], [ -71.072564, 42.355439 ], [ -71.072055, 42.354655 ], [ -71.074401, 42.354022 ], [ -71.076583, 42.353425 ], [ -71.080862, 42.352267 ], [ -71.081595, 42.353704 ] ] ] ] } },
{ "type": "Feature", "properties": { "GEOID": "25025082000", "NAME": "Census Tract 820; Suffolk County; Massachusetts", "ksi_rate": 2.96, "sfca": 0.1339, "medinc": 44963.0, "pct_poc": 1.0, "pct_poverty": 0.4, "priority": "High KSI Only" }, "geometry": { "type": "MultiPolygon", "coordinates": [ [ [ [ -71.088331, 42.31461 ], [ -71.086903, 42.316392 ], [ -71.086508, 42.317053 ], [ -71.084582, 42.316792 ], [ -71.08285, 42.316362 ], [ -71.080998, 42.315755 ], [ -71.078823, 42.314608 ], [ -71.079683, 42.313219 ], [ -71.080088, 42.312691 ], [ -71.080312, 42.312418 ], [ -71.082012, 42.310256 ], [ -71.082668, 42.309535 ], [ -71.083251, 42.310604 ], [ -71.083919, 42.310576 ], [ -71.085862, 42.311689 ], [ -71.088319, 42.312895 ], [ -71.089399, 42.313257 ], [ -71.088331, 42.31461 ] ] ] ] } },
{ "type": "Feature", "properties": { "GEOID": "25025110201", "NAME": "Census Tract 1102.01; Suffolk County; Massachusetts", "ksi_rate": 0.0, "sfca": 0.0991, "medinc": 70139.0, "pct_poc": 0.8, "pct_poverty": 0.2, "priority": "Baseline" }, "geometry": { "type": "MultiPolygon", "coordinates": [ [ [ [ -71.119712, 42.280288 ], [ -71.119549, 42.285511 ], [ -71.118817, 42.285501 ], [ -71.118909, 42.28496 ], [ -71.112232, 42.280214 ], [ -71.113431, 42.279941 ], [ -71.115342, 42.278039 ], [ -71.116377, 42.278859 ], [ -71.115734, 42.277295 ], [ -71.117207, 42.275871 ], [ -71.119534, 42.276868 ], [ -71.119993, 42.278819 ], [ -71.119712, 42.280288 ] ] ] ] } },
{ "type": "Feature", "properties": { "GEOID": "25025000402", "NAME": "Census Tract 4.02; Suffolk County; Massachusetts", "ksi_rate": 0.91, "sfca": 0.0874, "medinc": 111705.0, "pct_poc": 0.4, "pct_poverty": 0.1, "priority": "Baseline" }, "geometry": { "type": "MultiPolygon", "coordinates": [ [ [ [ -71.165999, 42.341593 ], [ -71.162118, 42.346373 ], [ -71.161311, 42.347576 ], [ -71.160437, 42.348916 ], [ -71.159612, 42.348891 ], [ -71.155746, 42.349114 ], [ -71.153449, 42.349146 ], [ -71.153992, 42.347932 ], [ -71.153786, 42.347256 ], [ -71.153067, 42.346154 ], [ -71.153072, 42.345106 ], [ -71.153274, 42.34465 ], [ -71.153462, 42.343183 ], [ -71.154734, 42.341206 ], [ -71.155288, 42.340337 ], [ -71.157528, 42.339782 ], [ -71.157878, 42.33973 ], [ -71.159758, 42.340058 ], [ -71.164579, 42.340218 ], [ -71.166126, 42.340088 ], [ -71.165999, 42.341593 ] ] ] ] } }
]
}
